UserID,FirstName,LastName,Street,CityID,Email,Phone,DateOfBirth
1,Mikołaj,Kubiński,Nowa 59,4,mikolaj.kubinski@example.com,48677370852,1977-09-14
2,Katarzyna,Marciniak,Cynamonowa 28,2,katarzyna.marciniak@example.com,48666887239,1992-07-20
3,Kazimierz,Szewczyk,Strefowa 34,3,kazimierz.szewczyk@example.com,48697610892,1977-12-28
4,Julian,Stefański,Radosna 18,4,julian.stefanski@example.com,48641052806,1998-09-24
5,Sandra,Lewandowski,Zimowa 71,6,sandra.lewandowski@example.com,48673175010,2000-01-01
6,Marcel,Stankiewicz,Wiejska 71,1,marcel.stankiewicz@example.com,48642352145,2001-07-07
7,Aleksander,Ziółkowski,Górska 2,2,aleksander.ziolkowski@example.com,48631515250,1985-07-02
8,Rozalia,Jankowski,Jana Zamoyskiego 43,1,rozalia.jankowski@example.com,48644163365,1982-09-23
9,Lucyna,Michalak,Podleśna 73,8,lucyna.michalak@example.com,48684755814,1977-06-26
10,Sebastian,Sobczak,Władysława Reymonta 46,6,sebastian.sobczak@example.com,48639840530,1977-02-15
11,Tomasz,Rutkowski,Juliusza Słowackiego 96,1,tomasz.rutkowski@example.com,48698399409,1993-08-07
12,Dominika,Ziółkowski,Borówkowa 89,3,dominika.ziolkowski@example.com,48626454497,2000-07-08
13,Weronika,Głowacki,Władysława Reymonta 52,1,weronika.glowacki@example.com,48654293242,1997-01-17
14,Jakub,Majewski,Kamienna 15,1,jakub.majewski@example.com,48625024178,2001-02-17
15,Kacper,Chmielewski,Stanisława Wigury 57,2,kacper.chmielewski@example.com,48695096707,1976-07-08
16,Bartosz,Makowski,Bukowa 74,7,bartosz.makowski@example.com,48638357576,1992-01-12
17,Tomasz,Zieliński,Jasna 99,5,tomasz.zielinski@example.com,48635733471,1996-02-28
18,Izabela,Król,Jana Długosza 40,5,izabela.krol@example.com,48644908884,1989-01-13
19,Nikola,Dudek,Marii Walewskiej 91,7,nikola.dudek@example.com,48690693570,1991-09-11
20,Rozalia,Głowacki,Nowa 48,2,rozalia.glowacki@example.com,48646289936,1992-01-06
21,Grzegorz,Nowak,Podgórna 75,8,grzegorz.nowak@example.com,48681997361,1987-03-26
22,Ignacy,Michalski,Kazimierza Wielkiego 32,2,ignacy.michalski@example.com,48681149292,1976-12-01
23,Janusz,Brzeziński,Rumiankowa 95,6,janusz.brzezinski@example.com,48675070678,2000-09-07
24,Barbara,Ratajczak,Zygmunta Krasińskiego 64,6,barbara.ratajczak@example.com,48692831307,1985-10-12
25,Wiktor,Zarzycki,Urocza 82,6,wiktor.zarzycki@example.com,48649226474,1986-07-22
26,Halina,Zając,Zofii Kossak-Szczuckiej 50,8,halina.zajac@example.com,48621003374,2001-10-13
27,Jan,Lewandowski,Kwiatowa 68,2,jan.lewandowski@example.com,48619115446,1984-01-08
28,Wiktoria,Kaźmierczak,Radosna 22,6,wiktoria.kazmierczak@example.com,48655482353,1979-06-19
29,Izabela,Andrzejewski,Rubinowa 75,1,izabela.andrzejewski@example.com,48610698003,2001-02-16
30,Maksymilian,Kaźmierczak,Leszczynowa 97,5,maksymilian.kazmierczak@example.com,48640946318,1975-03-03
31,Rafał,Łuczak,Juliusza Słowackiego 63,6,rafal.luczak@example.com,48646298781,1988-02-16
32,Bożydar,Brzeziński,Topolowa 8,3,bozydar.brzezinski@example.com,48634360449,1982-01-06
33,Oliwia,Stankiewicz,Krótka 87,1,oliwia.stankiewicz@example.com,48649377158,1985-12-23
34,Franciszek,Cieślak,Urocza 37,4,franciszek.cieslak@example.com,48694880019,1997-04-02
35,Józef,Pawlak,Szafirowa 36,1,jozef.pawlak@example.com,48625615725,1996-09-05
36,Marta,Michalski,Zygmunta Krasińskiego 30,2,marta.michalski@example.com,48642079287,1998-06-10
37,Marianna,Gajewski,Wyzwolenia 42,5,marianna.gajewski@example.com,48614845498,1979-10-31
38,Paulina,Borkowski,Paprykowa 98,6,paulina.borkowski@example.com,48658332999,1983-07-09
39,Maksymilian,Rutkowski,Jana Sobieskiego 79,6,maksymilian.rutkowski@example.com,48695901420,1978-09-29
40,Krystyna,Baran,Graniczna 20,1,krystyna.baran@example.com,48680553493,1990-09-30
41,Piotr,Piotrowski,Tadeusza Mazowieckiego 18,2,piotr.piotrowski@example.com,48663671330,2001-07-08
42,Janusz,Konieczny,Jana III Sobieskiego 73,7,janusz.konieczny@example.com,48621075453,2003-01-25
43,Krystyna,Kozłowski,Marii Walewskiej 44,5,krystyna.kozlowski@example.com,48688655661,1990-03-09
44,Tadeusz,Brzeziński,Kasztanowa 58,2,tadeusz.brzezinski@example.com,48660409383,1985-10-29
45,Dawid,Michalak,Polna 56,7,dawid.michalak@example.com,48681777208,1978-05-20
46,Joanna,Mikołajczyk,Wincentego Witosa 16,4,joanna.mikolajczyk@example.com,48627132966,1998-06-08
47,Zbigniew,Łuczak,Bursztynowa 81,1,zbigniew.luczak@example.com,48677707840,1987-07-21
48,Józef,Ostrowski,Łąkowa 13,8,jozef.ostrowski@example.com,48674816476,2006-02-16
49,Patrycja,Zieliński,Marii Walewskiej 32,2,patrycja.zielinski@example.com,48612857581,1996-05-31
50,Lucyna,Chmielewski,Malinowa 37,1,lucyna.chmielewski@example.com,48646062875,1981-06-15
51,Izabela,Kądziela,Gwiezdna 12,4,izabela.kadziela@example.com,48679224060,1993-12-10
52,Helena,Kubiński,Juliana Tuwima 73,3,helena.kubinski@example.com,48631882210,1997-09-27
53,Franciszek,Grabowski,Ptasia 65,4,franciszek.grabowski@example.com,48673579147,1978-09-04
54,Franciszek,Krawczyk,Gwiezdna 66,7,franciszek.krawczyk@example.com,48656343653,1994-04-03
55,Wojciech,Ratajczak,Jesienna 47,1,wojciech.ratajczak@example.com,48682178271,1977-06-06
56,Oskar,Szymański,Zofii Nałkowskiej 4,4,oskar.szymanski@example.com,48622031926,1998-08-13
57,Dagmara,Kozłowski,Wulkaniczna 21,8,dagmara.kozlowski@example.com,48679041539,1984-01-18
58,Maksymilian,Olejniczak,Lipowa 8,1,maksymilian.olejniczak@example.com,48672214151,1995-03-28
59,Daniel,Mazurek,Królowej Jadwigi 28,1,daniel.mazurek@example.com,48676811044,1989-11-08
60,Szymon,Lewandowski,Malownicza 78,3,szymon.lewandowski@example.com,48654304300,1997-01-16
61,Helena,Matuszewski,Stara 74,4,helena.matuszewski@example.com,48618039146,1979-06-02
62,Zofia,Kwiatkowski,Hanki Ordonówny 54,1,zofia.kwiatkowski@example.com,48615436939,1994-02-24
63,Wojciech,Kucharski,Wandy Rutkiewicz 30,6,wojciech.kucharski@example.com,48665578351,2005-11-09
64,Aleksander,Zawadzki,Sukiennicza 25,4,aleksander.zawadzki@example.com,48667782731,1991-02-14
65,Dagmara,Czerwiński,Zofii Nałkowskiej 9,8,dagmara.czerwinski@example.com,48645953486,1980-06-26
66,Elżbieta,Nowacki,Główna 14,4,elzbieta.nowacki@example.com,48610000503,1990-05-17
67,Mateusz,Sikorski,Hanki Ordonówny 93,2,mateusz.sikorski@example.com,48609388300,2001-09-22
68,Mikołaj,Kądziela,Modrzewiowa 81,1,mikolaj.kadziela@example.com,48612098922,1999-04-14
69,Oliwia,Kot,Gwiezdna 3,1,oliwia.kot@example.com,48668827435,1988-06-30
70,Dominika,Matuszewski,Mikołaja Kopernika 82,6,dominika.matuszewski@example.com,48633293259,1990-05-06
71,Michał,Jankowski,Rycerska 37,5,michal.jankowski@example.com,48648899306,1978-06-14
72,Helena,Ratajczak,Lipowa 72,7,helena.ratajczak@example.com,48643980375,1991-02-17
73,Julia,Sikorski,Ptasia 9,8,julia.sikorski@example.com,48614091041,1989-04-14
74,Antoni,Rutkowski,Krótka 2,6,antoni.rutkowski@example.com,48600906813,1998-04-18
75,Łukasz,Kwiatkowski,Perłowa 83,6,lukasz.kwiatkowski@example.com,48605847896,1976-10-01
76,Aleksander,Bąk,Srebrna 36,1,aleksander.bak@example.com,48684922469,2004-05-28
77,Julian,Szewczyk,Gwiezdna 63,6,julian.szewczyk@example.com,48677496669,1976-05-16
78,Joanna,Kowalczyk,Górska 87,4,joanna.kowalczyk@example.com,48695630476,2001-04-10
79,Dominika,Stefański,Śnieżna 7,2,dominika.stefanski@example.com,48669916636,2004-02-04
80,Jerzy,Kozak,Jesionowa 71,1,jerzy.kozak@example.com,48697108747,2000-12-26
81,Katarzyna,Głowacki,Konstantego Ildefonsa Gałczyńskiego 26,5,katarzyna.glowacki@example.com,48615396696,1982-09-16
82,Franciszek,Chojnacki,Antoniego Malczewskiego 46,6,franciszek.chojnacki@example.com,48624092561,1978-04-07
83,Oskar,Witkowski,Marii Curie-Skłodowskiej 43,4,oskar.witkowski@example.com,48674821775,1985-07-12
84,Sebastian,Piotrowski,Matki Teresy z Kalkuty 22,5,sebastian.piotrowski@example.com,48603273668,2006-11-04
85,Helena,Kądziela,Krótka 65,1,helena.kadziela@example.com,48667150649,1991-07-04
86,Teresa,Grabowski,Zygmunta Krasińskiego 30,8,teresa.grabowski@example.com,48602084696,2000-07-17
87,Barbara,Wojciechowski,Adama Mickiewicza 45,1,barbara.wojciechowski@example.com,48663844968,1984-12-28
88,Piotr,Grabowski,Brzegowa 39,2,piotr.grabowski@example.com,48652337762,1997-05-13
89,Gabriela,Zieliński,Zachodnia 49,3,gabriela.zielinski@example.com,48645393085,1999-11-13
90,Maciej,Cieślak,Jesienna 28,7,maciej.cieslak@example.com,48665761304,1978-03-31
91,Julian,Przybylski,Kamienna 11,7,julian.przybylski@example.com,48685758315,1981-02-22
92,Gabriela,Zarzycki,Perłowa 36,7,gabriela.zarzycki@example.com,48665521968,2003-07-22
93,Teresa,Kubiak,Bolesława Chrobrego 44,2,teresa.kubiak@example.com,48667008088,2000-04-19
94,Franciszek,Kaźmierczak,Zimowa 83,7,franciszek.kazmierczak@example.com,48648725910,2002-10-27
95,Hubert,Mazur,Malinowa 57,4,hubert.mazur@example.com,48695245182,1993-10-14
96,Amelia,Borowski,Łagodna 59,7,amelia.borowski@example.com,48690088907,1987-06-25
97,Maria,Janik,Matki Teresy z Kalkuty 61,2,maria.janik@example.com,48625017812,1982-05-17
98,Gabriela,Jóźwiak,Józefa Chełmońskiego 8,8,gabriela.jozwiak@example.com,48615583762,2002-12-19
99,Krzysztof,Lis,Radosna 73,8,krzysztof.lis@example.com,48666013223,1984-07-24
100,Błażej,Wysocki,Olchowa 13,4,blazej.wysocki@example.com,48630864936,1989-10-22
101,Szymon,Domański,Chłodna 53,5,szymon.domanski@example.com,48666882258,2000-05-30
102,Paweł,Kozłowski,Borówkowa 11,4,pawel.kozlowski@example.com,48622525430,1989-12-20
103,Dominik,Michalak,Kazimierza Wielkiego 69,7,dominik.michalak@example.com,48644631320,2003-09-05
104,Marcel,Janik,Dolna 21,1,marcel.janik@example.com,48687846980,1990-11-28
105,Iga,Mazur,Wiśniowa 39,6,iga.mazur@example.com,48665049924,1990-10-30
106,Barbara,Domański,Cypriana Norwida 44,1,barbara.domanski@example.com,48631094786,1991-08-02
107,Dominik,Walczak,Waniliowa 88,4,dominik.walczak@example.com,48669419062,1986-06-28
108,Eryk,Baran,Wschodnia 30,2,eryk.baran@example.com,48679956692,1985-08-06
109,Irena,Wysocki,Aleksandra Fredry 35,1,irena.wysocki@example.com,48620621299,1975-05-10
110,Jerzy,Domański,Miedziana 72,8,jerzy.domanski@example.com,48691265107,2006-03-13
111,Izabela,Witkowski,Kraina Lodu 78,5,izabela.witkowski@example.com,48636304804,1990-06-09
112,Celina,Chmielewski,Morska 92,4,celina.chmielewski@example.com,48671734159,1986-06-28
113,Teresa,Tokarski,Perłowa 86,2,teresa.tokarski@example.com,48671206973,2006-01-19
114,Jan,Nowacki,Marii Curie-Skłodowskiej 15,8,jan.nowacki@example.com,48610211349,1978-04-01
115,Krzysztof,Piotrowski,Ptasia 48,3,krzysztof.piotrowski@example.com,48682199054,1986-01-12
116,Cecylia,Sadowski,Miedziana 46,3,cecylia.sadowski@example.com,48630882688,1992-09-19
117,Rafał,Kubiak,Jana Zamoyskiego 10,3,rafal.kubiak@example.com,48674357842,1987-11-07
118,Paweł,Ziółkowski,Miedziana 67,3,pawel.ziolkowski@example.com,48640117766,2004-01-29
119,Marianna,Kołodziej,Łagodna 89,8,marianna.kolodziej@example.com,48639050131,1980-11-25
120,Bartosz,Jóźwiak,Promienna 6,4,bartosz.jozwiak@example.com,48627149119,1977-07-07
121,Julian,Zieliński,Jarzębinowa 14,7,julian.zielinski@example.com,48627673786,1977-01-01
122,Kacper,Baran,Graniczna 90,2,kacper.baran@example.com,48640763806,1982-04-06
123,Ignacy,Kubiak,Zofii Nałkowskiej 50,1,ignacy.kubiak@example.com,48681555861,2006-10-21
124,Antoni,Kubiak,Górska 4,5,antoni.kubiak@example.com,48627333351,1985-02-24
125,Emil,Witkowski,Rubinowa 34,6,emil.witkowski@example.com,48612084771,1987-10-05
126,Cecylia,Kowalewski,Antoniego Malczewskiego 91,2,cecylia.kowalewski@example.com,48651494261,1997-10-17
127,Celina,Makowski,Topolowa 28,4,celina.makowski@example.com,48692712898,2005-03-21
128,Julia,Kowalewski,Leśna 37,7,julia.kowalewski@example.com,48697622876,1982-02-17
129,Magdalena,Baran,Jana Pawła II 92,1,magdalena.baran@example.com,48611543427,1993-07-28
130,Daniel,Kądziela,Spokojna 38,2,daniel.kadziela@example.com,48683103191,1982-10-27
131,Helena,Grabowski,Kraina Lodu 69,4,helena.grabowski@example.com,48650259165,1976-05-04
132,Beata,Brzeziński,Jana Sobieskiego 84,1,beata.brzezinski@example.com,48662679246,1975-11-18
133,Bożydar,Łuczak,Leszczynowa 35,1,bozydar.luczak@example.com,48656950256,1989-05-17
134,Hubert,Nowicki,Szmaragdowa 94,1,hubert.nowicki@example.com,48630578846,1984-07-19
135,Julia,Borkowski,Długa 63,1,julia.borkowski@example.com,48688799947,2000-11-23
136,Leon,Szymczak,Żurawia 59,2,leon.szymczak@example.com,48657337050,1983-04-09
137,Cecylia,Kopczyński,Kazimierza Wielkiego 64,1,cecylia.kopczynski@example.com,48603131082,2000-11-16
138,Marianna,Stefański,Rycerska 81,1,marianna.stefanski@example.com,48615553178,1986-08-26
139,Maciej,Łuczak,Granitowa 31,3,maciej.luczak@example.com,48628160555,2000-06-15
140,Sebastian,Adamczyk,Wrzosowa 19,1,sebastian.adamczyk@example.com,48621471541,1986-03-01
141,Justyna,Dąbrowski,Skrzypcowa 37,2,justyna.dabrowski@example.com,48692115833,1992-12-04
142,Gabriel,Kowalewski,Srebrna 34,6,gabriel.kowalewski@example.com,48614010924,1982-06-30
143,Mateusz,Mazurek,Franciszki Urszuli Radziwiłłowej 75,3,mateusz.mazurek@example.com,48670356026,1993-01-01
144,Kinga,Malinowski,Słomiana 42,1,kinga.malinowski@example.com,48604476023,1975-12-31
145,Adam,Mikołajczyk,Hanki Ordonówny 45,2,adam.mikolajczyk@example.com,48636827395,2001-11-04
146,Mateusz,Jankowski,Cedrowa 27,1,mateusz.jankowski@example.com,48692458830,2002-05-14
147,Mateusz,Król,Dolna 82,2,mateusz.krol@example.com,48673154352,1982-06-22
148,Daniel,Głowacki,Kluczowa 60,8,daniel.glowacki@example.com,48659223882,1998-11-24
149,Irena,Stępień,Słomiana 36,6,irena.stepien@example.com,48621805312,1994-03-09
150,Adam,Szulc,Grzybowa 25,7,adam.szulc@example.com,48606020250,1992-09-05
151,Krystyna,Sadowski,Czekoladowa 21,7,krystyna.sadowski@example.com,48647406085,1995-07-21
152,Tadeusz,Ostrowski,Kraina Lodu 77,7,tadeusz.ostrowski@example.com,48620783432,1991-01-17
153,Ignacy,Stefański,Wyzwolenia 92,5,ignacy.stefanski@example.com,48686626670,1983-01-16
154,Antonina,Szymański,Urocza 38,5,antonina.szymanski@example.com,48610011990,1993-09-02
155,Wiktor,Gajewski,Kluczowa 49,4,wiktor.gajewski@example.com,48606968619,1995-08-11
156,Damian,Stępień,Bursztynowa 65,1,damian.stepien@example.com,48688163346,1985-11-10
157,Gabriel,Nowacki,Wiosenna 40,3,gabriel.nowacki@example.com,48627269330,1983-06-01
158,Józef,Jabłoński,Krótka 14,8,jozef.jablonski@example.com,48614404092,2001-06-29
159,Teresa,Bąk,Sukiennicza 63,7,teresa.bak@example.com,48633014219,1996-12-26
160,Hubert,Sadowski,Wiśniowa 61,6,hubert.sadowski@example.com,48611996543,1998-03-02
161,Henryk,Matuszewski,Józefa Chełmońskiego 55,7,henryk.matuszewski@example.com,48650902290,2002-10-05
162,Patryk,Kowalewski,Wesoła 33,1,patryk.kowalewski@example.com,48618038375,2005-05-11
163,Daniel,Tomczak,Borówkowa 90,5,daniel.tomczak@example.com,48605050586,1992-12-22
164,Izabela,Pawlak,Brzozowa 31,2,izabela.pawlak@example.com,48616146683,1996-07-21
165,Lidia,Piotrowski,Leszczynowa 60,1,lidia.piotrowski@example.com,48652250063,2005-06-28
166,Tomasz,Michalski,Adama Mickiewicza 12,8,tomasz.michalski@example.com,48688028083,2001-04-18
167,Łukasz,Kamiński,Złota 61,1,lukasz.kaminski@example.com,48674165230,1980-05-25
168,Rozalia,Krawczyk,Józefa Chełmońskiego 52,6,rozalia.krawczyk@example.com,48620861493,1983-01-16
169,Damian,Zając,Pustynna 93,1,damian.zajac@example.com,48611758515,1978-06-26
170,Krystyna,Tokarski,Bazarowa 39,6,krystyna.tokarski@example.com,48688732023,1989-02-05
171,Andrzej,Stefański,Kazimierza Pułaskiego 6,7,andrzej.stefanski@example.com,48678076832,1991-05-15
172,Paulina,Lis,Władysława Orkana 31,3,paulina.lis@example.com,48664459198,1983-03-21
173,Izabela,Zarzycki,Krucza 97,6,izabela.zarzycki@example.com,48631032368,1995-04-10
174,Halina,Szulc,Spokojna 48,6,halina.szulc@example.com,48679461141,1993-04-07
175,Antonina,Chojnacki,Jasna 40,1,antonina.chojnacki@example.com,48640210722,2001-08-13
176,Marek,Kaczmarek,Topolowa 77,3,marek.kaczmarek@example.com,48637668219,2000-10-10
177,Ignacy,Piotrowski,Dolna 58,2,ignacy.piotrowski@example.com,48632124585,1996-04-11
178,Wojciech,Kopczyński,Rodzinna 49,8,wojciech.kopczynski@example.com,48635348299,1982-11-24
179,Cecylia,Matuszewski,Jana Matejki 95,5,cecylia.matuszewski@example.com,48635539049,1998-09-05
180,Rafał,Żak,Jana III Sobieskiego 69,2,rafal.zak@example.com,48689499203,1982-05-07
181,Lucyna,Matuszewski,Łukowa 44,5,lucyna.matuszewski@example.com,48683283115,1985-03-06
182,Grzegorz,Ziółkowski,Bananowa 84,1,grzegorz.ziolkowski@example.com,48667885147,1976-07-22
183,Karol,Przybylski,Kluczowa 28,4,karol.przybylski@example.com,48615987740,1997-11-04
184,Franciszek,Zarzycki,Spacerowa 75,6,franciszek.zarzycki@example.com,48663679606,1986-04-18
185,Dominika,Kowalewski,Bananowa 93,5,dominika.kowalewski@example.com,48688862804,1989-10-11
186,Rafał,Adamczyk,Żurawia 47,1,rafal.adamczyk@example.com,48659468320,1992-01-27
187,Paweł,Kopczyński,Karola Szymanowskiego 22,8,pawel.kopczynski@example.com,48681854098,1975-11-17
188,Paweł,Adamczyk,Olchowa 94,8,pawel.adamczyk@example.com,48696520576,1978-05-01
189,Marta,Szymański,Nadziei 91,2,marta.szymanski@example.com,48608481004,1993-06-29
190,Lucyna,Kowalczyk,Władysława Łokietka 2,5,lucyna.kowalczyk@example.com,48622601545,1993-08-09
191,Łukasz,Bąk,Kazimierza Pułaskiego 42,1,lukasz.bak@example.com,48693077563,1975-12-16
192,Jan,Kowalczyk,Józefa Wybickiego 35,2,jan.kowalczyk@example.com,48645766425,2000-01-31
193,Grzegorz,Wysocki,Ewy Szelburg-Zarembiny 27,8,grzegorz.wysocki@example.com,48668753012,1994-12-20
194,Sandra,Piotrowski,Cicha 5,8,sandra.piotrowski@example.com,48610918688,2000-08-19
195,Adam,Kaźmierczak,Koralowa 37,3,adam.kazmierczak@example.com,48685984781,1992-03-20
196,Zbigniew,Czerwiński,Jana Zamoyskiego 2,1,zbigniew.czerwinski@example.com,48660353971,1993-05-09
197,Aleksander,Ostrowski,Gwiezdna 29,6,aleksander.ostrowski@example.com,48675163894,1995-01-14
198,Irena,Kowalczyk,Ewy Szelburg-Zarembiny 52,6,irena.kowalczyk@example.com,48644433715,1977-08-20
199,Franciszek,Michalski,Zachodnia 61,6,franciszek.michalski@example.com,48636817140,2004-03-22
200,Dominika,Walczak,Karola Szymanowskiego 79,3,dominika.walczak@example.com,48652537818,2004-08-17
201,Michał,Piotrowski,Bananowa 55,1,michal.piotrowski@example.com,48609617533,1981-03-25
202,Daniel,Przybylski,Diamentowa 7,4,daniel.przybylski@example.com,48642516124,1994-07-22
203,Wiktor,Grabowski,Tadeusza Kościuszki 81,4,wiktor.grabowski@example.com,48686123406,1985-10-28
204,Łukasz,Witkowski,Ludwika Solskiego 11,7,lukasz.witkowski@example.com,48675615213,2006-09-28
205,Lucyna,Kozak,Perłowa 14,6,lucyna.kozak@example.com,48664862655,2006-06-22
206,Zbigniew,Przybylski,Hanki Ordonówny 25,1,zbigniew.przybylski@example.com,48638822277,1994-05-21
207,Weronika,Zieliński,Perłowa 26,1,weronika.zielinski@example.com,48678066029,1996-03-06
208,Jakub,Ratajczak,Brzegowa 53,6,jakub.ratajczak@example.com,48693634078,1977-06-03
209,Maciej,Domański,Górska 90,7,maciej.domanski@example.com,48688806185,1993-10-26
210,Jagoda,Walczak,Podgórna 42,6,jagoda.walczak@example.com,48649015603,1992-01-31
211,Żaneta,Jóźwiak,Kazimierza Wielkiego 84,2,zaneta.jozwiak@example.com,48686506955,1986-03-12
212,Anna,Konieczny,Słowikowa 69,1,anna.konieczny@example.com,48683485945,1979-05-21
213,Dominik,Kubiak,Leśna 86,1,dominik.kubiak@example.com,48641827499,1990-08-19
214,Janusz,Jankowski,Brzegowa 99,1,janusz.jankowski@example.com,48643609015,1994-10-05
215,Irena,Ziółkowski,Wulkaniczna 38,6,irena.ziolkowski@example.com,48627088069,1988-08-18
216,Irena,Rutkowski,Zachodnia 85,3,irena.rutkowski@example.com,48604064456,1996-07-29
217,Elżbieta,Domański,Marii Skłodowskiej-Curie 66,5,elzbieta.domanski@example.com,48634734587,1999-12-05
218,Malwina,Sikora,Szafirowa 49,5,malwina.sikora@example.com,48691834357,2004-11-14
219,Julian,Zawadzki,Długa 11,5,julian.zawadzki@example.com,48681562274,2001-06-22
220,Cecylia,Stefański,Władysława Łokietka 16,4,cecylia.stefanski@example.com,48609932684,1981-11-06
221,Maciej,Ratajczak,Kamienna 47,2,maciej.ratajczak@example.com,48602148123,1998-12-23
222,Dagmara,Zieliński,Jana Zamoyskiego 5,3,dagmara.zielinski@example.com,48682987216,1990-02-19
223,Marianna,Kubiak,Imbirowa 59,2,marianna.kubiak@example.com,48638491412,1986-05-09
224,Weronika,Mikołajczyk,Jana III Sobieskiego 86,5,weronika.mikolajczyk@example.com,48603794074,1990-05-19
225,Patrycja,Kozłowski,Migdałowa 89,4,patrycja.kozlowski@example.com,48660135100,1986-04-10
226,Tadeusz,Borkowski,Elizy Orzeszkowej 20,5,tadeusz.borkowski@example.com,48619936683,1994-05-20
227,Jakub,Żak,Marii Konopnickiej 70,7,jakub.zak@example.com,48627556724,1999-04-11
228,Barbara,Krawczyk,Jarzębinowa 40,1,barbara.krawczyk@example.com,48695478456,1979-07-03
229,Rozalia,Majewski,Elizy Orzeszkowej 60,6,rozalia.majewski@example.com,48636863744,1985-11-06
230,Cecylia,Szewczyk,Perłowa 36,2,cecylia.szewczyk@example.com,48636775924,1978-02-11
231,Jerzy,Tomczak,Cypriana Norwida 37,3,jerzy.tomczak@example.com,48691457627,1998-07-11
232,Kinga,Kubiński,Urocza 83,2,kinga.kubinski@example.com,48603906091,1998-02-22
233,Hanna,Mikołajczyk,Topolowa 88,1,hanna.mikolajczyk@example.com,48690084336,1997-02-15
234,Julia,Sadowski,Cicha 43,5,julia.sadowski@example.com,48639401264,1982-10-09
235,Sandra,Bielecki,Tadeusza Rejtana 31,4,sandra.bielecki@example.com,48600978042,1986-01-25
236,Marianna,Wojciechowski,Paprykowa 70,6,marianna.wojciechowski@example.com,48679902701,1997-12-05
237,Malwina,Rutkowski,Wulkaniczna 36,1,malwina.rutkowski@example.com,48684948689,1977-11-12
238,Aleksander,Domański,Promienna 77,1,aleksander.domanski@example.com,48667474755,1984-02-01
239,Bartosz,Łuczak,Miedziana 78,2,bartosz.luczak@example.com,48632664076,1982-12-27
240,Wiktoria,Kołodziej,Jagodowa 69,4,wiktoria.kolodziej@example.com,48643672907,1987-06-18
241,Jan,Konieczny,Rubinowa 43,1,jan.konieczny@example.com,48677996607,1985-11-14
242,Izabela,Kwiatkowski,Franciszki Urszuli Radziwiłłowej 2,2,izabela.kwiatkowski@example.com,48687302812,1991-04-28
243,Julian,Wójcik,Jarzębinowa 48,8,julian.wojcik@example.com,48609395818,1985-12-29
244,Magdalena,Przybylski,Cedrowa 31,1,magdalena.przybylski@example.com,48659705417,1983-06-28
245,Ignacy,Wojciechowski,Promienna 34,2,ignacy.wojciechowski@example.com,48674182152,2006-06-05
246,Hubert,Tomczak,Tadeusza Rejtana 46,3,hubert.tomczak@example.com,48629440235,1981-02-19
247,Dawid,Urban,Mikołaja Kopernika 73,3,dawid.urban@example.com,48680489603,1988-12-07
248,Krystyna,Borowski,Emilii Plater 22,7,krystyna.borowski@example.com,48678984388,1998-08-07
249,Franciszek,Zawadzki,Tadeusza Rejtana 57,3,franciszek.zawadzki@example.com,48658713987,1976-02-07
250,Natalia,Kołodziej,Letnia 9,8,natalia.kolodziej@example.com,48620214571,1981-08-11
251,Dominik,Szymański,Rodzinna 41,1,dominik.szymanski@example.com,48634921173,2005-05-09
252,Elżbieta,Baran,Zbożowa 70,5,elzbieta.baran@example.com,48617884249,1982-07-03
253,Paweł,Przybylski,Bronisława Malinowskiego 27,5,pawel.przybylski@example.com,48695694441,1978-12-14
254,Jakub,Sadowski,Rubinowa 6,4,jakub.sadowski@example.com,48679943358,1999-10-06
255,Patrycja,Marciniak,Bukowa 13,6,patrycja.marciniak@example.com,48688692977,2001-10-26
256,Jakub,Król,Kluczowa 36,6,jakub.krol@example.com,48622088281,1975-05-14
257,Rafał,Kowalczyk,Radosna 84,5,rafal.kowalczyk@example.com,48631288973,1993-02-03
258,Celina,Wójcik,Skalna 35,3,celina.wojcik@example.com,48698484189,2005-05-28
259,Irena,Kot,Jana Matejki 12,1,irena.kot@example.com,48680926684,1989-11-19
260,Paweł,Kaźmierczak,Malinowa 43,3,pawel.kazmierczak@example.com,48668562962,2001-12-15
261,Henryk,Jabłoński,Hanki Ordonówny 82,8,henryk.jablonski@example.com,48657283551,1979-05-15
262,Leon,Andrzejewski,Radosna 32,8,leon.andrzejewski@example.com,48634027947,1988-08-03
263,Jakub,Grzelak,Bukowa 86,4,jakub.grzelak@example.com,48636308905,1980-12-02
264,Ewa,Wróbel,Jana Pawła II 68,3,ewa.wrobel@example.com,48629572040,1992-02-01
265,Dagmara,Wiśniewski,Rumiankowa 94,1,dagmara.wisniewski@example.com,48641721888,1998-08-26
266,Dominik,Majewski,Błękitna 70,5,dominik.majewski@example.com,48697331895,1992-09-23
267,Jan,Baran,Marii Curie-Skłodowskiej 76,6,jan.baran@example.com,48611629188,1977-11-06
268,Piotr,Wesołowski,Granitowa 24,1,piotr.wesolowski@example.com,48666244347,1980-02-02
269,Rafał,Chmielewski,Róży Luksemburg 88,3,rafal.chmielewski@example.com,48676197449,2002-06-22
270,Dominika,Kubiński,Gołębia 83,4,dominika.kubinski@example.com,48648230380,1993-03-22
271,Oskar,Gajewski,Klonowa 70,8,oskar.gajewski@example.com,48622224036,2001-10-09
272,Jerzy,Szymczak,Bukowa 83,4,jerzy.szymczak@example.com,48611984967,1990-05-15
273,Emil,Malinowski,Cedrowa 7,4,emil.malinowski@example.com,48630315538,1983-01-11
274,Eryk,Konieczny,Bronisława Malinowskiego 31,5,eryk.konieczny@example.com,48636742636,1995-01-15
275,Halina,Adamczyk,Podgórna 52,1,halina.adamczyk@example.com,48645164934,2003-09-21
276,Malwina,Nowacki,Grzybowa 69,6,malwina.nowacki@example.com,48633362708,1981-05-20
277,Anna,Michalski,Józefa Wybickiego 46,7,anna.michalski@example.com,48664112891,1998-05-08
278,Katarzyna,Chmielewski,Lawendowa 18,1,katarzyna.chmielewski@example.com,48625335041,1979-12-21
279,Dagmara,Majewski,Wincentego Witosa 77,8,dagmara.majewski@example.com,48610307517,1991-03-28
280,Szymon,Tokarski,Spokojna 93,1,szymon.tokarski@example.com,48621204652,2000-07-08
281,Julia,Urban,Modrzewiowa 23,1,julia.urban@example.com,48603868450,1999-05-14
282,Karol,Chojnacki,Szeroka 60,7,karol.chojnacki@example.com,48684865341,1992-02-11
283,Maciej,Kot,Rubinowa 56,3,maciej.kot@example.com,48676283995,1992-02-23
284,Teresa,Kozłowski,Klonowa 15,5,teresa.kozlowski@example.com,48663513988,1980-07-25
285,Wiktor,Domański,Jana Długosza 2,4,wiktor.domanski@example.com,48685443014,1982-11-26
286,Wiktor,Mazurek,Krótka 76,5,wiktor.mazurek@example.com,48688842514,2003-12-25
287,Paulina,Mikołajczyk,Wyzwolenia 11,1,paulina.mikolajczyk@example.com,48644137603,1998-06-27
288,Halina,Matuszewski,Tadeusza Mazowieckiego 77,1,halina.matuszewski@example.com,48693289293,1979-01-01
289,Hubert,Zieliński,Marii Curie-Skłodowskiej 55,4,hubert.zielinski@example.com,48656932460,1975-11-15
290,Szymon,Nowak,Skalna 39,2,szymon.nowak@example.com,48609750526,1982-06-06
291,Elżbieta,Ostrowski,Emilii Plater 36,3,elzbieta.ostrowski@example.com,48633810805,1993-07-08
292,Filip,Jabłoński,Kornela Makuszyńskiego 10,7,filip.jablonski@example.com,48650637852,2004-08-08
293,Wojciech,Kozłowski,Topolowa 29,3,wojciech.kozlowski@example.com,48628138073,1984-06-24
294,Kazimierz,Stępień,Karola Szymanowskiego 54,7,kazimierz.stepien@example.com,48692854311,1995-11-08
295,Dawid,Kozak,Granitowa 72,6,dawid.kozak@example.com,48667971161,1975-07-29
296,Michał,Kamiński,Jana III Sobieskiego 66,5,michal.kaminski@example.com,48643774636,1993-01-20
297,Łukasz,Ostrowski,Mokra 37,3,lukasz.ostrowski@example.com,48648020602,2005-11-04
298,Paweł,Kowalczyk,Łąkowa 55,5,pawel.kowalczyk@example.com,48601205702,1989-07-04
299,Gabriel,Kołodziej,Heleny Modrzejewskiej 77,2,gabriel.kolodziej@example.com,48664025610,1998-01-29
300,Lucyna,Kubiński,Brzozowa 71,4,lucyna.kubinski@example.com,48673934500,1989-08-06
301,Amelia,Głowacki,Kazimierza Pułaskiego 24,3,amelia.glowacki@example.com,48689706373,2006-04-11
302,Halina,Nowacki,Jana Zamoyskiego 83,4,halina.nowacki@example.com,48670034896,1997-04-20
303,Tadeusz,Sobczak,Kluczowa 21,4,tadeusz.sobczak@example.com,48685695316,2003-09-23
304,Oskar,Bąk,Kornela Makuszyńskiego 1,1,oskar.bak@example.com,48651316482,2006-07-03
305,Malwina,Kamiński,Nadziei 99,3,malwina.kaminski@example.com,48651402766,1992-09-01
306,Beata,Borowski,Mokra 83,2,beata.borowski@example.com,48658501723,2003-05-26
307,Sebastian,Czerwiński,Kamienna 82,3,sebastian.czerwinski@example.com,48680488354,1991-04-25
308,Natalia,Głowacki,Gajowa 79,5,natalia.glowacki@example.com,48623671934,1975-03-19
309,Emil,Wysocki,Klonowa 6,8,emil.wysocki@example.com,48625363668,1991-06-02
310,Filip,Zawadzki,Wesoła 2,6,filip.zawadzki@example.com,48611764730,2003-05-28
311,Marta,Kaczmarek,Chłodna 69,1,marta.kaczmarek@example.com,48674490163,2005-05-29
312,Daniel,Domański,Zbożowa 71,1,daniel.domanski@example.com,48625906092,2002-08-02
313,Barbara,Brzeziński,Migdałowa 37,3,barbara.brzezinski@example.com,48628142295,1985-10-04
314,Rafał,Sobczak,Tadeusza Mazowieckiego 95,4,rafal.sobczak@example.com,48626599618,1981-02-21
315,Tomasz,Jankowski,Polna 68,8,tomasz.jankowski@example.com,48691605917,1987-01-21
316,Emil,Kozak,Jana Matejki 31,8,emil.kozak@example.com,48607744146,1990-02-02
317,Wiktor,Konieczny,Stanisława Wigury 20,5,wiktor.konieczny@example.com,48650257017,1975-05-24
318,Leon,Pietrzak,Klonowa 54,4,leon.pietrzak@example.com,48614531963,1993-08-09
319,Katarzyna,Czerwiński,Piękna 37,1,katarzyna.czerwinski@example.com,48688444082,1982-10-07
320,Damian,Wróbel,Modrzewiowa 81,1,damian.wrobel@example.com,48648915542,1996-01-25
321,Renata,Kądziela,Migdałowa 14,3,renata.kadziela@example.com,48605895700,1992-10-22
322,Hubert,Szulc,Łagodna 52,1,hubert.szulc@example.com,48678251446,1987-10-19
323,Weronika,Konieczny,Stanisława Staszica 82,3,weronika.konieczny@example.com,48698387676,2005-10-29
324,Leon,Stępień,Jana Matejki 12,3,leon.stepien@example.com,48650496597,2001-11-29
325,Izabela,Czerwiński,Zamkowa 17,7,izabela.czerwinski@example.com,48647186131,1996-10-19
326,Lucyna,Sikora,Piękna 30,2,lucyna.sikora@example.com,48636023474,1983-01-19
327,Ignacy,Łuczak,Zamkowa 37,8,ignacy.luczak@example.com,48680149458,1981-11-19
328,Weronika,Szulc,Rodzinna 90,5,weronika.szulc@example.com,48644364286,1988-01-18
329,Weronika,Stępień,Zamkowa 50,8,weronika.stepien@example.com,48671666181,1996-03-11
330,Julia,Walczak,Antoniego Malczewskiego 88,5,julia.walczak@example.com,48634868908,1989-09-06
331,Natalia,Jankowski,Tadeusza Rejtana 26,7,natalia.jankowski@example.com,48692386276,1993-07-14
332,Daniel,Wysocki,Władysława Orkana 79,2,daniel.wysocki@example.com,48666953051,2003-12-09
333,Marta,Krawczyk,Piękna 19,3,marta.krawczyk@example.com,48681922907,1993-12-28
334,Eryk,Pietrzak,Lipowa 84,4,eryk.pietrzak@example.com,48660516552,1984-08-08
335,Dagmara,Matuszewski,Stanisława Staszica 51,3,dagmara.matuszewski@example.com,48651988438,2000-06-25
336,Ewa,Jabłoński,Wandy Rutkiewicz 50,1,ewa.jablonski@example.com,48673683817,1976-04-12
337,Andrzej,Kozłowski,Łagodna 6,8,andrzej.kozlowski@example.com,48609029580,2002-04-16
338,Helena,Bielecki,Elizy Orzeszkowej 41,8,helena.bielecki@example.com,48695667052,1991-07-01
339,Andrzej,Ostrowski,Wiśniowa 25,6,andrzej.ostrowski@example.com,48656354392,1989-04-17
340,Magdalena,Kowalczyk,Akacjowa 67,2,magdalena.kowalczyk@example.com,48614206711,1977-10-17
341,Sebastian,Nowacki,Józefa Wybickiego 4,8,sebastian.nowacki@example.com,48687173601,1975-01-15
342,Grzegorz,Borowski,Perłowa 19,3,grzegorz.borowski@example.com,48665140367,1986-09-07
343,Tomasz,Tomczak,Róży Luksemburg 27,3,tomasz.tomczak@example.com,48659477466,1996-09-17
344,Dominik,Pietrzak,Zygmunta Krasińskiego 61,4,dominik.pietrzak@example.com,48623004528,1997-07-01
345,Gabriel,Chojnacki,Rodzinna 28,2,gabriel.chojnacki@example.com,48622517941,2005-11-03
346,Emil,Szewczyk,Perłowa 30,5,emil.szewczyk@example.com,48663263351,1982-03-27
347,Zbigniew,Żak,Cynamonowa 89,1,zbigniew.zak@example.com,48600601016,2005-05-05
348,Helena,Kozłowski,Różana 10,8,helena.kozlowski@example.com,48661632264,1985-12-29
349,Rozalia,Michalak,Nadziei 35,6,rozalia.michalak@example.com,48607784486,1987-01-29
350,Sandra,Szulc,Leśna 5,1,sandra.szulc@example.com,48636049285,1989-01-22
351,Julian,Tomczak,Zbożowa 85,1,julian.tomczak@example.com,48675845198,2006-06-18
352,Józef,Tokarski,Jana III Sobieskiego 8,7,jozef.tokarski@example.com,48626253457,2006-12-26
353,Helena,Piotrowski,Wesoła 57,4,helena.piotrowski@example.com,48694192807,2004-01-24
354,Renata,Stankiewicz,Mokra 2,3,renata.stankiewicz@example.com,48651098514,2006-09-26
355,Celina,Nowak,Tęczowa 77,1,celina.nowak@example.com,48633099155,2006-09-09
356,Jakub,Chmielewski,Pogodna 84,4,jakub.chmielewski@example.com,48617549946,1982-07-11
357,Natalia,Zając,Miedziana 46,1,natalia.zajac@example.com,48637871879,1985-09-29
358,Patryk,Dąbrowski,Władysława Łokietka 80,7,patryk.dabrowski@example.com,48643202912,1985-04-20
359,Sebastian,Bielecki,Zbożowa 29,7,sebastian.bielecki@example.com,48605276551,2001-12-11
360,Mikołaj,Wysocki,Szmaragdowa 82,4,mikolaj.wysocki@example.com,48683362559,1981-04-27
361,Kazimierz,Kozak,Karola Szymanowskiego 47,3,kazimierz.kozak@example.com,48631396537,1988-05-18
362,Krystyna,Jabłoński,Stanisława Wigury 75,3,krystyna.jablonski@example.com,48655547506,1996-09-20
363,Liliana,Michalski,Tadeusza Mazowieckiego 42,1,liliana.michalski@example.com,48647321715,2003-03-17
364,Eryk,Chojnacki,Miodowa 33,5,eryk.chojnacki@example.com,48671823866,1988-06-08
365,Julia,Ziółkowski,Urocza 57,1,julia.ziolkowski@example.com,48647084302,1984-08-30
366,Bożydar,Borkowski,Gajowa 87,3,bozydar.borkowski@example.com,48671299252,1984-02-17
367,Maciej,Stępień,Lawendowa 71,1,maciej.stepien@example.com,48651148763,1991-10-10
368,Jerzy,Urban,Mokra 3,5,jerzy.urban@example.com,48670665989,1996-09-29
369,Kinga,Baran,Jagodowa 23,1,kinga.baran@example.com,48680913781,1990-09-12
370,Dawid,Grabowski,Zielona 7,4,dawid.grabowski@example.com,48605751444,1991-06-15
371,Wiktor,Ostrowski,Franciszka Żwirki 54,4,wiktor.ostrowski@example.com,48693394535,1987-08-17
372,Żaneta,Baran,Stara 39,1,zaneta.baran@example.com,48604741638,1995-07-16
373,Barbara,Kaczmarek,Złota 77,1,barbara.kaczmarek@example.com,48657965125,2004-03-11
374,Jan,Zieliński,Dębowa 18,3,jan.zielinski@example.com,48696357239,1992-11-15
375,Rafał,Kaźmierczak,Morska 50,4,rafal.kazmierczak@example.com,48652922491,1976-11-29
376,Leon,Kucharski,Matki Teresy z Kalkuty 38,6,leon.kucharski@example.com,48640680235,1984-09-10
377,Gabriela,Mikołajczyk,Pogodna 54,3,gabriela.mikolajczyk@example.com,48659638725,1997-08-31
378,Wiktoria,Sadowski,Długa 26,8,wiktoria.sadowski@example.com,48651252781,1989-09-19
379,Lidia,Adamczyk,Adama Mickiewicza 14,1,lidia.adamczyk@example.com,48653133339,1975-03-17
380,Hanna,Zawadzki,Jana Pawła II 30,2,hanna.zawadzki@example.com,48681972249,2001-05-16
381,Sebastian,Wojciechowski,Główna 21,1,sebastian.wojciechowski@example.com,48620462258,2004-04-25
382,Maksymilian,Michalski,Elizy Orzeszkowej 84,4,maksymilian.michalski@example.com,48670358257,1999-04-24
383,Paulina,Brzeziński,Henryka Sienkiewicza 80,7,paulina.brzezinski@example.com,48636554418,1976-05-11
384,Patrycja,Stefański,Cypriana Norwida 85,1,patrycja.stefanski@example.com,48611329598,1998-12-13
385,Bogumiła,Błaszczyk,Grzybowa 30,7,bogumila.blaszczyk@example.com,48688779085,1983-04-19
386,Eryk,Kołodziej,Kamienna 53,5,eryk.kolodziej@example.com,48649725239,1997-08-02
387,Tomasz,Dąbrowski,Wincentego Witosa 46,1,tomasz.dabrowski@example.com,48641319942,1980-08-31
388,Franciszek,Głowacki,Mokra 12,4,franciszek.glowacki@example.com,48653143427,1999-12-27
389,Zofia,Ratajczak,Różana 71,5,zofia.ratajczak@example.com,48692347839,1985-01-14
390,Wojciech,Gajewski,Aleksandra Fredry 79,5,wojciech.gajewski@example.com,48667244359,1985-07-19
391,Jerzy,Żak,Chłodna 64,1,jerzy.zak@example.com,48618370738,1983-11-03
392,Szymon,Nowicki,Koralowa 47,4,szymon.nowicki@example.com,48605039019,1998-09-20
393,Irena,Kądziela,Ignacego Paderewskiego 18,6,irena.kadziela@example.com,48684855269,1990-01-20
394,Józef,Sobczak,Mokra 10,6,jozef.sobczak@example.com,48617119648,1999-08-12
395,Ignacy,Makowski,Róży Luksemburg 3,4,ignacy.makowski@example.com,48630378549,2006-06-19
396,Sylwia,Brzeziński,Skalna 38,6,sylwia.brzezinski@example.com,48671298039,1984-03-04
397,Jakub,Mazur,Zbożowa 27,1,jakub.mazur@example.com,48649001987,2002-01-16
398,Liliana,Cieślak,Fryderyka Chopina 97,4,liliana.cieslak@example.com,48690321387,1991-04-15
399,Nikola,Zając,Cypriana Norwida 44,4,nikola.zajac@example.com,48638395945,1993-04-21
400,Liliana,Kwiatkowski,Antoniego Malczewskiego 80,2,liliana.kwiatkowski@example.com,48603561042,2001-09-05
401,Malwina,Brodowski,Brzozowa 88,4,malwina.brodowski@example.com,48614500810,2001-09-24
402,Nikola,Szewczyk,Jesienna 45,7,nikola.szewczyk@example.com,48669467409,2004-06-29
403,Kacper,Szulc,Miodowa 81,1,kacper.szulc@example.com,48630817150,1980-01-22
404,Filip,Wysocki,Zbożowa 43,2,filip.wysocki@example.com,48650239952,2003-12-25
405,Dawid,Grzelak,Morelowa 72,5,dawid.grzelak@example.com,48621362613,1999-05-23
406,Leon,Michalak,Perłowa 58,1,leon.michalak@example.com,48692447497,2005-03-13
407,Emil,Krawczyk,Złota 18,3,emil.krawczyk@example.com,48647772718,1994-11-16
408,Kazimierz,Cieślak,Różana 64,6,kazimierz.cieslak@example.com,48648109453,1999-05-24
409,Cecylia,Kołodziej,Gołębia 14,1,cecylia.kolodziej@example.com,48656961746,1998-11-16
410,Barbara,Jabłoński,Słoneczna 51,7,barbara.jablonski@example.com,48696280914,1983-04-05
411,Gabriel,Makowski,Hanki Ordonówny 67,4,gabriel.makowski@example.com,48603650707,1986-05-24
412,Rafał,Baran,Letnia 64,2,rafal.baran@example.com,48669480824,1977-01-04
413,Irena,Majewski,Nadziei 13,1,irena.majewski@example.com,48613565613,1983-08-05
414,Marcel,Gajewski,Limonkowa 88,4,marcel.gajewski@example.com,48637346205,1981-02-18
415,Kinga,Tokarski,Rubinowa 86,8,kinga.tokarski@example.com,48600781048,1981-09-13
416,Żaneta,Łuczak,Borówkowa 52,2,zaneta.luczak@example.com,48666603596,2002-07-08
417,Krystyna,Michalski,Jagodowa 28,1,krystyna.michalski@example.com,48695066419,1995-05-12
418,Hubert,Kaźmierczak,Fryderyka Chopina 12,2,hubert.kazmierczak@example.com,48678220838,1996-02-23
419,Patrycja,Michalski,Krucza 29,2,patrycja.michalski@example.com,48635914518,1975-08-09
420,Kacper,Domański,Stara 50,6,kacper.domanski@example.com,48618917794,1996-06-07
421,Izabela,Wysocki,Sukiennicza 51,5,izabela.wysocki@example.com,48688046175,1979-02-05
422,Maria,Chojnacki,Tadeusza Rejtana 59,5,maria.chojnacki@example.com,48668711256,1992-09-14
423,Leon,Adamczyk,Wschodnia 90,8,leon.adamczyk@example.com,48681905653,1985-06-29
424,Mateusz,Bąk,Marii Walewskiej 27,6,mateusz.bak@example.com,48602153018,2001-04-04
425,Beata,Czerwiński,Łukowa 2,8,beata.czerwinski@example.com,48681247296,1988-06-04
426,Hanna,Majewski,Kwiatowa 61,3,hanna.majewski@example.com,48600115427,1987-01-13
427,Sebastian,Mazur,Marii Curie-Skłodowskiej 76,1,sebastian.mazur@example.com,48623722431,1985-04-30
428,Iga,Małecki,Gołębia 99,8,iga.malecki@example.com,48668915521,1993-03-18
429,Kinga,Andrzejewski,Parkowa 55,2,kinga.andrzejewski@example.com,48609369625,1982-11-04
430,Amelia,Borkowski,Wincentego Witosa 17,1,amelia.borkowski@example.com,48673935326,1975-09-06
431,Mikołaj,Gajewski,Zbożowa 40,2,mikolaj.gajewski@example.com,48659638479,1993-05-06
432,Sandra,Dudek,Kluczowa 48,4,sandra.dudek@example.com,48620774418,1998-03-31
433,Rafał,Szymański,Ewy Szelburg-Zarembiny 99,1,rafal.szymanski@example.com,48631799468,1977-04-22
434,Mikołaj,Kowalczyk,Józefa Chełmońskiego 51,4,mikolaj.kowalczyk@example.com,48682562393,1989-10-17
435,Hanna,Nowicki,Akacjowa 47,5,hanna.nowicki@example.com,48636117909,1987-03-23
436,Helena,Kowalewski,Tęczowa 96,2,helena.kowalewski@example.com,48685921740,1992-08-22
437,Dominika,Piotrowski,Zielona 81,2,dominika.piotrowski@example.com,48636490111,1984-01-05
438,Lidia,Sikora,Błękitna 8,7,lidia.sikora@example.com,48615461407,1977-10-14
439,Lucyna,Zawadzki,Franciszka Żwirki 3,8,lucyna.zawadzki@example.com,48607455305,1977-04-05
440,Nikola,Bielecki,Łagodna 50,1,nikola.bielecki@example.com,48605872768,2000-10-28
441,Karol,Dudek,Jana Pawła II 31,1,karol.dudek@example.com,48616465816,1982-10-30
442,Tadeusz,Cieślak,Miedziana 95,1,tadeusz.cieslak@example.com,48671112892,2000-10-22
443,Antonina,Stankiewicz,Brzegowa 36,7,antonina.stankiewicz@example.com,48671628434,1996-05-09
444,Amelia,Olejniczak,Gwiezdna 67,2,amelia.olejniczak@example.com,48613143973,1988-03-24
445,Magdalena,Michalski,Jana Pawła II 49,2,magdalena.michalski@example.com,48699166158,2003-07-15
446,Jakub,Kołodziej,Bursztynowa 48,3,jakub.kolodziej@example.com,48634556994,1980-12-07
447,Jan,Olejniczak,Sosnowa 95,4,jan.olejniczak@example.com,48666444420,1986-01-24
448,Hubert,Rutkowski,Granitowa 15,1,hubert.rutkowski@example.com,48651265510,1990-02-23
449,Maksymilian,Żak,Heleny Modrzejewskiej 95,3,maksymilian.zak@example.com,48611677800,1979-05-17
450,Anna,Jóźwiak,Złota 23,8,anna.jozwiak@example.com,48636745240,1996-07-04
451,Eryk,Kaźmierczak,Kornela Makuszyńskiego 9,8,eryk.kazmierczak@example.com,48620549182,1977-04-06
452,Zofia,Urban,Czekoladowa 55,3,zofia.urban@example.com,48670083118,1993-04-03
453,Zbigniew,Zając,Podleśna 64,8,zbigniew.zajac@example.com,48613699991,1999-01-30
454,Michał,Zawadzki,Miedziana 73,2,michal.zawadzki@example.com,48652861437,1987-10-24
455,Leon,Kołodziej,Spokojna 18,8,leon.kolodziej@example.com,48678432133,2003-09-27
456,Józef,Gajewski,Urocza 87,1,jozef.gajewski@example.com,48646812291,1999-12-03
457,Janusz,Walczak,Skalna 47,5,janusz.walczak@example.com,48641601569,2005-10-12
458,Renata,Kucharski,Antoniego Malczewskiego 64,4,renata.kucharski@example.com,48693966189,1983-09-15
459,Henryk,Pietrzak,Miedziana 93,4,henryk.pietrzak@example.com,48653025114,1983-12-16
460,Mikołaj,Kowalewski,Sadowa 54,3,mikolaj.kowalewski@example.com,48669198930,1991-10-27
461,Rafał,Kozłowski,Konstantego Ildefonsa Gałczyńskiego 43,1,rafal.kozlowski@example.com,48635379041,2006-11-05
462,Błażej,Brzeziński,Promienna 78,4,blazej.brzezinski@example.com,48632433912,1979-10-21
463,Barbara,Dudek,Łukowa 78,4,barbara.dudek@example.com,48672664304,1992-12-02
464,Renata,Lis,Zimowa 34,1,renata.lis@example.com,48600561071,1997-03-11
465,Karol,Nowicki,Leśna 78,3,karol.nowicki@example.com,48669462763,2006-09-18
466,Sylwia,Kołodziej,Dolna 23,1,sylwia.kolodziej@example.com,48613157741,2006-10-04
467,Maria,Kaczmarek,Limonkowa 11,7,maria.kaczmarek@example.com,48637876020,1993-09-24
468,Leon,Wójcik,Polna 92,2,leon.wojcik@example.com,48697280455,2000-08-05
469,Tadeusz,Mazur,Tadeusza Rejtana 81,1,tadeusz.mazur@example.com,48625703457,1993-11-28
470,Anna,Urban,Wulkaniczna 75,1,anna.urban@example.com,48683013922,1991-11-06
471,Antonina,Nowak,Józefa Wybickiego 93,5,antonina.nowak@example.com,48680456553,1997-03-16
472,Antonina,Gajewski,Piękna 77,3,antonina.gajewski@example.com,48634467970,1977-01-29
473,Julia,Kaczmarek,Bursztynowa 2,1,julia.kaczmarek@example.com,48612411483,1988-05-21
474,Teresa,Urban,Bananowa 44,2,teresa.urban@example.com,48607437543,1999-06-15
475,Liliana,Urban,Wincentego Witosa 96,1,liliana.urban@example.com,48634358580,1988-03-30
476,Irena,Kaźmierczak,Mikołaja Kopernika 20,8,irena.kazmierczak@example.com,48614187951,1978-07-16
477,Amelia,Wysocki,Emilii Plater 5,6,amelia.wysocki@example.com,48693581358,1994-11-14
478,Sylwia,Urban,Krótka 65,4,sylwia.urban@example.com,48678371613,1997-07-13
479,Kinga,Gajewski,Elizy Orzeszkowej 63,4,kinga.gajewski@example.com,48689344662,1975-10-11
480,Gabriel,Szymczak,Konstantego Ildefonsa Gałczyńskiego 97,2,gabriel.szymczak@example.com,48690008950,1982-07-13
481,Irena,Przybylski,Rumiankowa 89,8,irena.przybylski@example.com,48694258198,1989-11-05
482,Leon,Domański,Nadziei 22,4,leon.domanski@example.com,48613076654,1986-05-12
483,Krystyna,Szewczyk,Róży Luksemburg 41,4,krystyna.szewczyk@example.com,48633795583,1997-05-24
484,Iga,Wysocki,Kokosowa 87,3,iga.wysocki@example.com,48656282078,1976-01-01
485,Żaneta,Walczak,Krótka 83,2,zaneta.walczak@example.com,48647170835,1985-08-30
486,Iga,Szymański,Stanisława Staszica 81,2,iga.szymanski@example.com,48651162442,2005-11-29
487,Iga,Sobczak,Wyzwolenia 62,2,iga.sobczak@example.com,48664095261,2003-08-09
488,Julian,Lis,Nowa 35,7,julian.lis@example.com,48663149804,2002-01-12
489,Mateusz,Stefański,Róży Luksemburg 3,1,mateusz.stefanski@example.com,48646333786,1987-06-19
490,Kazimierz,Nowak,Różana 85,6,kazimierz.nowak@example.com,48698850141,1992-02-01
491,Mikołaj,Michalak,Słowikowa 4,7,mikolaj.michalak@example.com,48673048097,1997-02-14
492,Henryk,Nowacki,Miodowa 82,8,henryk.nowacki@example.com,48698631686,1991-08-19
493,Krystyna,Błaszczyk,Tadeusza Mazowieckiego 27,1,krystyna.blaszczyk@example.com,48630736125,2005-11-11
494,Grzegorz,Mikołajczyk,Miedziana 51,8,grzegorz.mikolajczyk@example.com,48669095862,1976-08-21
495,Dominika,Wesołowski,Krótka 43,6,dominika.wesolowski@example.com,48601299986,2001-10-12
496,Lucyna,Makowski,Bazarowa 93,8,lucyna.makowski@example.com,48671960660,1987-05-24
497,Sebastian,Urban,Szmaragdowa 57,8,sebastian.urban@example.com,48615156354,1980-01-05
498,Wiktoria,Kozak,Mokra 68,2,wiktoria.kozak@example.com,48639885761,1988-05-20
499,Liliana,Majewski,Kraina Lodu 99,6,liliana.majewski@example.com,48633782120,1983-04-06
500,Celina,Kucharski,Jesienna 23,3,celina.kucharski@example.com,48661013111,1997-07-04
501,Gabriel,Dąbrowski,Ignacego Paderewskiego 18,5,gabriel.dabrowski@example.com,48647984989,1991-01-05
502,Błażej,Śliwiński,Kluczowa 9,7,blazej.sliwinski@example.com,48624821590,1978-05-15
503,Elżbieta,Marciniak,Rycerska 62,3,elzbieta.marciniak@example.com,48651897495,1989-11-20
504,Jagoda,Domański,Makowa 56,4,jagoda.domanski@example.com,48658908542,1985-10-04
505,Nikola,Sikorski,Brzegowa 68,2,nikola.sikorski@example.com,48619198383,1982-05-07
506,Elżbieta,Żak,Perłowa 56,6,elzbieta.zak@example.com,48669920109,1987-01-25
507,Szymon,Sobczak,Radosna 65,2,szymon.sobczak@example.com,48687164742,1997-01-21
508,Piotr,Szymczak,Jesionowa 75,1,piotr.szymczak@example.com,48689043063,1983-07-03
509,Katarzyna,Zieliński,Miodowa 47,1,katarzyna.zielinski@example.com,48649451299,1975-11-03
510,Paulina,Tokarski,Rubinowa 9,7,paulina.tokarski@example.com,48652166589,2003-10-20
511,Maciej,Wysocki,Mokra 14,1,maciej.wysocki@example.com,48621251688,2006-08-13
512,Nikola,Małecki,Krucza 33,2,nikola.malecki@example.com,48630414900,1975-08-24
513,Tadeusz,Michalski,Strefowa 26,2,tadeusz.michalski@example.com,48669596427,1991-05-02
514,Beata,Lewandowski,Bursztynowa 65,2,beata.lewandowski@example.com,48685515033,1992-12-10
515,Błażej,Kamiński,Konstantego Ildefonsa Gałczyńskiego 75,7,blazej.kaminski@example.com,48689465190,2005-08-27
516,Bożydar,Wysocki,Spacerowa 2,3,bozydar.wysocki@example.com,48623166204,1997-03-29
517,Filip,Kozak,Skalna 14,2,filip.kozak@example.com,48650378676,1977-06-03
518,Ewa,Bąk,Wiejska 47,1,ewa.bak@example.com,48692650627,1979-03-17
519,Anna,Kopczyński,Zaciszna 93,1,anna.kopczynski@example.com,48678327882,1997-06-29
520,Kinga,Głowacki,Wodna 60,1,kinga.glowacki@example.com,48617211373,2005-01-10
521,Marcel,Michalski,Radosna 34,1,marcel.michalski@example.com,48605570778,1984-08-21
522,Bartosz,Kozak,Różana 21,8,bartosz.kozak@example.com,48635342110,2001-06-12
523,Julia,Przybylski,Urocza 93,3,julia.przybylski@example.com,48605757262,2005-12-17
524,Szymon,Rutkowski,Stefana Żeromskiego 8,2,szymon.rutkowski@example.com,48693571777,1985-10-03
525,Henryk,Kozak,Nowa 71,8,henryk.kozak@example.com,48687445499,1992-06-22
526,Mikołaj,Nowacki,Świerkowa 22,5,mikolaj.nowacki@example.com,48677404030,1996-10-29
527,Dagmara,Rutkowski,Limonkowa 15,2,dagmara.rutkowski@example.com,48630742419,1995-10-26
528,Aleksander,Krawczyk,Wiejska 56,3,aleksander.krawczyk@example.com,48607463437,1980-07-19
529,Krystyna,Konieczny,Królowej Jadwigi 52,1,krystyna.konieczny@example.com,48640730809,1995-11-13
530,Błażej,Kubiak,Gołębia 5,5,blazej.kubiak@example.com,48667441158,1999-07-24
531,Katarzyna,Kaczmarek,Karola Szymanowskiego 96,2,katarzyna.kaczmarek@example.com,48649761618,1991-10-29
532,Szymon,Mazur,Radosna 71,7,szymon.mazur@example.com,48664764483,1976-07-31
533,Beata,Konieczny,Zamkowa 88,3,beata.konieczny@example.com,48658953599,2006-07-01
534,Halina,Mazur,Juliana Tuwima 52,7,halina.mazur@example.com,48654570217,2004-09-08
535,Hubert,Czajkowski,Kasztanowa 91,1,hubert.czajkowski@example.com,48699842788,1992-11-16
536,Patrycja,Stępień,Szafirowa 76,7,patrycja.stepien@example.com,48604047378,2005-12-15
537,Dominik,Szymczak,Podgórna 12,3,dominik.szymczak@example.com,48614563723,1979-07-18
538,Irena,Kamiński,Spacerowa 25,3,irena.kaminski@example.com,48693339665,1977-11-22
539,Oliwia,Śliwiński,Heleny Modrzejewskiej 4,2,oliwia.sliwinski@example.com,48600194303,2005-11-19
540,Błażej,Zając,Brzegowa 76,2,blazej.zajac@example.com,48681265320,1984-09-22
541,Daniel,Szymczak,Szafirowa 50,7,daniel.szymczak@example.com,48638580596,1987-10-12
542,Oliwia,Konieczny,Nowa 98,1,oliwia.konieczny@example.com,48614956647,1990-04-11
543,Sandra,Urban,Adama Asnyka 10,7,sandra.urban@example.com,48684758276,1979-09-14
544,Helena,Sikorski,Graniczna 6,5,helena.sikorski@example.com,48602613817,2003-09-07
545,Rozalia,Michalski,Górska 91,1,rozalia.michalski@example.com,48639758197,1998-06-04
546,Adam,Chmielewski,Koralowa 15,3,adam.chmielewski@example.com,48663755635,2000-10-25
547,Maciej,Szewczyk,Karola Szymanowskiego 59,2,maciej.szewczyk@example.com,48616491150,2006-02-21
548,Teresa,Bielecki,Łąkowa 31,1,teresa.bielecki@example.com,48654483070,1989-10-20
549,Paweł,Olejniczak,Pogodna 59,6,pawel.olejniczak@example.com,48646612613,1980-10-16
550,Helena,Kot,Cicha 82,1,helena.kot@example.com,48688231630,1993-08-31
551,Hubert,Michalski,Nadmorska 60,4,hubert.michalski@example.com,48632912219,1978-09-13
552,Adam,Czajkowski,Leśna 22,2,adam.czajkowski@example.com,48690031936,1982-06-21
553,Dagmara,Stankiewicz,Stanisława Staszica 57,8,dagmara.stankiewicz@example.com,48696795087,1977-11-07
554,Bartosz,Kucharski,Nadmorska 14,2,bartosz.kucharski@example.com,48610954033,2006-11-29
555,Katarzyna,Wysocki,Aleksandra Fredry 60,1,katarzyna.wysocki@example.com,48672625247,1976-10-18
556,Teresa,Ostrowski,Wandy Rutkiewicz 72,7,teresa.ostrowski@example.com,48637133293,2002-11-11
557,Jerzy,Nowacki,Miedziana 44,7,jerzy.nowacki@example.com,48655684244,2003-06-18
558,Liliana,Małecki,Rubinowa 48,5,liliana.malecki@example.com,48623412469,1991-10-29
559,Celina,Matuszewski,Wulkaniczna 95,2,celina.matuszewski@example.com,48661101657,1984-04-13
560,Bogumiła,Chmielewski,Chłodna 57,1,bogumila.chmielewski@example.com,48634423158,1997-04-03
561,Rafał,Lewandowski,Cypriana Norwida 30,5,rafal.lewandowski@example.com,48677304625,2001-10-01
562,Celina,Cieślak,Stara 2,3,celina.cieslak@example.com,48695376494,1997-03-31
563,Marta,Brzeziński,Juliusza Słowackiego 28,8,marta.brzezinski@example.com,48695591557,1992-12-26
564,Jerzy,Grzelak,Heleny Modrzejewskiej 52,4,jerzy.grzelak@example.com,48664058930,1980-09-12
565,Beata,Sikora,Różana 52,5,beata.sikora@example.com,48644036526,1976-03-22
566,Sandra,Domański,Wandy Rutkiewicz 39,3,sandra.domanski@example.com,48685847384,1993-10-01
567,Kazimierz,Jabłoński,Akacjowa 54,1,kazimierz.jablonski@example.com,48607277645,1980-03-26
568,Elżbieta,Ziółkowski,Rubinowa 86,2,elzbieta.ziolkowski@example.com,48650350816,1987-09-22
569,Patrycja,Konieczny,Tęczowa 5,3,patrycja.konieczny@example.com,48628627975,1988-02-12
570,Nikola,Śliwiński,Gołębia 5,1,nikola.sliwinski@example.com,48686764463,2001-05-28
571,Janusz,Kopczyński,Mokra 12,6,janusz.kopczynski@example.com,48673757750,2005-11-18
572,Mateusz,Przybylski,Sadowa 14,6,mateusz.przybylski@example.com,48646644133,1991-06-10
573,Maria,Zawadzki,Jana Matejki 85,2,maria.zawadzki@example.com,48680151302,2000-04-14
574,Dagmara,Kubiak,Perłowa 28,7,dagmara.kubiak@example.com,48658077192,1978-10-25
575,Lucyna,Brzeziński,Gajowa 46,1,lucyna.brzezinski@example.com,48652378012,1997-01-19
576,Bartosz,Przybylski,Skrzypcowa 6,5,bartosz.przybylski@example.com,48680554352,1979-02-13
577,Bartosz,Głowacki,Radosna 23,1,bartosz.glowacki@example.com,48678859403,1994-11-26
578,Patryk,Wiśniewski,Wincentego Witosa 71,7,patryk.wisniewski@example.com,48660039962,1990-04-03
579,Patryk,Woźniak,Sosnowa 51,8,patryk.wozniak@example.com,48636542468,1977-03-22
580,Paulina,Sikora,Migdałowa 52,5,paulina.sikora@example.com,48606472895,1997-08-20
581,Bartosz,Jankowski,Lipowa 56,2,bartosz.jankowski@example.com,48693668062,1991-03-26
582,Filip,Malinowski,Świerkowa 66,5,filip.malinowski@example.com,48616623779,2005-10-22
583,Henryk,Domański,Waniliowa 18,8,henryk.domanski@example.com,48633983130,2003-03-11
584,Piotr,Kądziela,Żurawia 49,2,piotr.kadziela@example.com,48626113326,1980-04-20
585,Adam,Wojciechowski,Rodzinna 2,6,adam.wojciechowski@example.com,48643599445,1989-11-09
586,Liliana,Stępień,Ewy Szelburg-Zarembiny 2,3,liliana.stepien@example.com,48655480845,1991-01-05
587,Patrycja,Kucharski,Zofii Nałkowskiej 29,7,patrycja.kucharski@example.com,48639708511,1988-02-25
588,Irena,Tomczak,Grzybowa 50,6,irena.tomczak@example.com,48681424458,1989-10-20
589,Amelia,Szymański,Krótka 99,8,amelia.szymanski@example.com,48609611367,1985-06-19
590,Renata,Chojnacki,Kraina Lodu 15,8,renata.chojnacki@example.com,48646273215,1993-11-24
591,Lucyna,Stefański,Akacjowa 34,1,lucyna.stefanski@example.com,48600752099,1985-05-18
592,Paweł,Zając,Wiosenna 49,2,pawel.zajac@example.com,48670691232,1994-05-31
593,Wojciech,Kowalczyk,Kasztanowa 15,7,wojciech.kowalczyk@example.com,48602818845,1986-01-26
594,Kacper,Przybylski,Wandy Rutkiewicz 93,7,kacper.przybylski@example.com,48698837589,1991-12-29
595,Oliwia,Błaszczyk,Makowa 82,3,oliwia.blaszczyk@example.com,48627595835,1992-10-07
596,Tadeusz,Malinowski,Bananowa 64,4,tadeusz.malinowski@example.com,48641358308,1989-10-03
597,Oliwia,Kozłowski,Zofii Kossak-Szczuckiej 10,4,oliwia.kozlowski@example.com,48606386512,2006-04-10
598,Tadeusz,Brodowski,Jana Sobieskiego 23,4,tadeusz.brodowski@example.com,48694462403,1990-02-06
599,Justyna,Lewandowski,Błękitna 94,5,justyna.lewandowski@example.com,48643713616,1975-07-03
600,Liliana,Kaźmierczak,Świerkowa 89,4,liliana.kazmierczak@example.com,48663860454,1981-12-08
601,Patryk,Walczak,Matki Teresy z Kalkuty 18,6,patryk.walczak@example.com,48648656191,2002-05-26
602,Jagoda,Kozak,Zygmunta Krasińskiego 51,6,jagoda.kozak@example.com,48648344937,1982-04-10
603,Lidia,Wiśniewski,Miedziana 33,6,lidia.wisniewski@example.com,48649336185,1985-11-08
604,Maciej,Wesołowski,Świerkowa 32,2,maciej.wesolowski@example.com,48611689058,2002-11-10
605,Kazimierz,Kubiński,Konstantego Ildefonsa Gałczyńskiego 64,2,kazimierz.kubinski@example.com,48652642128,2001-06-21
606,Antoni,Gajewski,Wulkaniczna 37,3,antoni.gajewski@example.com,48672099636,1994-08-04
607,Wojciech,Krawczyk,Mokra 32,5,wojciech.krawczyk@example.com,48644821841,2000-03-05
608,Ewa,Szymański,Mokra 10,4,ewa.szymanski@example.com,48684143648,1975-04-04
609,Sandra,Błaszczyk,Graniczna 9,7,sandra.blaszczyk@example.com,48676241904,2002-05-28
610,Łukasz,Kaźmierczak,Stalowa 79,7,lukasz.kazmierczak@example.com,48670175425,1990-11-15
611,Natalia,Piotrowski,Rumiankowa 82,2,natalia.piotrowski@example.com,48601402497,1989-08-30
612,Eryk,Krawczyk,Jarzębinowa 74,1,eryk.krawczyk@example.com,48626935991,2001-09-16
613,Mateusz,Ziółkowski,Bazarowa 13,6,mateusz.ziolkowski@example.com,48612276158,1993-06-03
614,Amelia,Michalski,Rodzinna 65,2,amelia.michalski@example.com,48673103541,1992-10-17
615,Jagoda,Mazurek,Graniczna 23,8,jagoda.mazurek@example.com,48613720752,1998-10-04
616,Piotr,Przybylski,Rycerska 46,3,piotr.przybylski@example.com,48625584140,1984-03-10
617,Michał,Szulc,Słoneczna 83,2,michal.szulc@example.com,48630095446,1986-07-02
618,Malwina,Walczak,Słowikowa 54,1,malwina.walczak@example.com,48651721613,1981-08-12
619,Julian,Lewandowski,Topolowa 76,2,julian.lewandowski@example.com,48645769110,1989-04-19
620,Jan,Borowski,Bolesława Chrobrego 66,8,jan.borowski@example.com,48694834122,1994-07-04
621,Henryk,Sadowski,Malinowa 19,2,henryk.sadowski@example.com,48645656390,1990-09-06
622,Dominika,Wojciechowski,Dolna 14,2,dominika.wojciechowski@example.com,48693949915,2002-05-04
623,Wiktor,Tokarski,Podgórna 75,7,wiktor.tokarski@example.com,48691337326,1993-11-03
624,Janusz,Baran,Józefa Chełmońskiego 7,1,janusz.baran@example.com,48675825702,2006-01-24
625,Hanna,Sikorski,Jana Długosza 98,2,hanna.sikorski@example.com,48645726054,2002-09-05
626,Mikołaj,Sikorski,Wschodnia 82,1,mikolaj.sikorski@example.com,48625810418,1979-08-08
627,Halina,Śliwiński,Pogodna 90,7,halina.sliwinski@example.com,48615737985,1975-03-18
628,Wiktoria,Łuczak,Szewska 99,8,wiktoria.luczak@example.com,48640846692,1995-11-16
629,Lucyna,Kwiatkowski,Bananowa 71,3,lucyna.kwiatkowski@example.com,48686240910,1999-02-19
630,Adam,Janik,Lawendowa 16,4,adam.janik@example.com,48628137046,1984-03-17
631,Natalia,Kot,Skalna 51,7,natalia.kot@example.com,48655371582,1986-09-24
632,Wiktor,Sadowski,Zygmunta Krasińskiego 86,3,wiktor.sadowski@example.com,48690984961,1981-11-09
633,Mikołaj,Majewski,Dworcowa 10,8,mikolaj.majewski@example.com,48636083264,1994-08-25
634,Bartosz,Wójcik,Adama Asnyka 15,4,bartosz.wojcik@example.com,48612631437,1996-08-03
635,Jagoda,Jankowski,Rubinowa 45,5,jagoda.jankowski@example.com,48699980744,1975-01-26
636,Magdalena,Kamiński,Zygmunta Krasińskiego 94,5,magdalena.kaminski@example.com,48603071412,1986-04-25
637,Dominik,Konieczny,Rumiankowa 95,7,dominik.konieczny@example.com,48664956544,1990-11-13
638,Rafał,Szulc,Jana III Sobieskiego 13,4,rafal.szulc@example.com,48614834299,1990-02-15
639,Marta,Dąbrowski,Jaskółcza 98,5,marta.dabrowski@example.com,48672538551,1997-03-21
640,Hubert,Kubiński,Różana 27,3,hubert.kubinski@example.com,48667211923,2001-06-24
641,Amelia,Domański,Marii Walewskiej 77,1,amelia.domanski@example.com,48644884092,1991-06-19
642,Łukasz,Król,Gajowa 89,1,lukasz.krol@example.com,48639569032,1988-06-23
643,Magdalena,Król,Jarzębinowa 81,3,magdalena.krol@example.com,48654508757,1979-02-05
644,Adam,Piotrowski,Klonowa 68,2,adam.piotrowski@example.com,48622785951,1985-08-31
645,Ignacy,Majewski,Brzozowa 63,2,ignacy.majewski@example.com,48656675593,1982-06-11
646,Jan,Kozak,Polna 11,7,jan.kozak@example.com,48680972510,1986-08-21
647,Izabela,Kubiński,Jana Długosza 50,5,izabela.kubinski@example.com,48696654582,1975-11-26
648,Wiktor,Sikorski,Bolesława Chrobrego 90,2,wiktor.sikorski@example.com,48631430252,1986-09-24
649,Amelia,Sobczak,Kamienna 40,8,amelia.sobczak@example.com,48643498814,1990-03-17
650,Natalia,Lewandowski,Pustynna 62,2,natalia.lewandowski@example.com,48649960908,2001-04-28
651,Marta,Sobczak,Wincentego Witosa 37,6,marta.sobczak@example.com,48661149070,1999-12-07
652,Natalia,Żak,Kazimierza Pułaskiego 30,8,natalia.zak@example.com,48678683924,1997-10-31
653,Paulina,Wiśniewski,Sadowa 65,4,paulina.wisniewski@example.com,48680549248,2004-08-11
654,Henryk,Sikorski,Jana III Sobieskiego 41,1,henryk.sikorski@example.com,48624625903,1976-06-15
655,Dominik,Zieliński,Adama Mickiewicza 87,7,dominik.zielinski@example.com,48639472138,1998-08-10
656,Filip,Łuczak,Bronisława Malinowskiego 65,7,filip.luczak@example.com,48669956174,1975-12-22
657,Karol,Kozłowski,Perłowa 77,7,karol.kozlowski@example.com,48673838971,1987-04-28
658,Błażej,Zarzycki,Świerkowa 79,8,blazej.zarzycki@example.com,48648718038,1979-02-19
659,Janusz,Majewski,Sukiennicza 81,2,janusz.majewski@example.com,48660885745,1998-10-17
660,Żaneta,Kamiński,Koronkowa 55,5,zaneta.kaminski@example.com,48644386704,1995-04-04
661,Iga,Zawadzki,Dworcowa 69,3,iga.zawadzki@example.com,48679959468,1994-02-16
662,Jan,Stefański,Koronkowa 57,2,jan.stefanski@example.com,48659135926,1981-02-07
663,Anna,Andrzejewski,Rubinowa 70,1,anna.andrzejewski@example.com,48631578327,1993-10-04
664,Oliwia,Grzelak,Wesoła 59,3,oliwia.grzelak@example.com,48648254636,1980-06-05
665,Dawid,Stankiewicz,Bukowa 44,4,dawid.stankiewicz@example.com,48631145032,1991-09-30
666,Teresa,Brodowski,Kamienna 87,2,teresa.brodowski@example.com,48605274934,1976-12-09
667,Kazimierz,Baran,Sadowa 15,3,kazimierz.baran@example.com,48636832659,1994-10-04
668,Tadeusz,Pietrzak,Szmaragdowa 93,1,tadeusz.pietrzak@example.com,48697073602,1981-10-26
669,Daniel,Bielecki,Spokojna 26,4,daniel.bielecki@example.com,48617752382,1996-01-24
670,Krystyna,Grzelak,Grzybowa 24,4,krystyna.grzelak@example.com,48635261692,1983-05-10
671,Henryk,Głowacki,Jana Matejki 61,6,henryk.glowacki@example.com,48629799200,1998-12-18
672,Rozalia,Nowacki,Józefa Chełmońskiego 34,4,rozalia.nowacki@example.com,48622679014,2005-05-28
673,Lucyna,Małecki,Gwiezdna 80,2,lucyna.malecki@example.com,48687460891,1999-07-06
674,Wojciech,Kaźmierczak,Kamienna 88,7,wojciech.kazmierczak@example.com,48646956642,2003-10-22
675,Marianna,Wójcik,Koralowa 56,1,marianna.wojcik@example.com,48660265273,1976-08-15
676,Paulina,Baran,Topolowa 98,6,paulina.baran@example.com,48695352944,2000-05-12
677,Barbara,Olejniczak,Matki Teresy z Kalkuty 56,6,barbara.olejniczak@example.com,48666384044,2000-10-07
678,Patryk,Witkowski,Stanisława Wigury 87,5,patryk.witkowski@example.com,48672465502,1978-11-02
679,Katarzyna,Stefański,Tadeusza Mazowieckiego 11,4,katarzyna.stefanski@example.com,48654224477,1981-05-18
680,Joanna,Walczak,Ewy Szelburg-Zarembiny 58,8,joanna.walczak@example.com,48669462942,1978-04-19
681,Lidia,Nowak,Żurawia 1,1,lidia.nowak@example.com,48606057407,1998-11-03
682,Natalia,Brodowski,Lucjana Rydla 2,6,natalia.brodowski@example.com,48633743741,1989-01-01
683,Rozalia,Mazurek,Koralowa 47,3,rozalia.mazurek@example.com,48654667752,1989-08-20
684,Bożydar,Pietrzak,Juliana Tuwima 53,3,bozydar.pietrzak@example.com,48683915904,1985-05-12
685,Tadeusz,Szulc,Heleny Modrzejewskiej 93,1,tadeusz.szulc@example.com,48609983616,1976-04-28
686,Damian,Małecki,Imbirowa 47,1,damian.malecki@example.com,48608711020,1990-03-09
687,Helena,Bąk,Tadeusza Kościuszki 52,1,helena.bak@example.com,48646458916,1997-03-20
688,Henryk,Wesołowski,Olchowa 95,6,henryk.wesolowski@example.com,48633859920,1996-02-10
689,Natalia,Sadowski,Jana Długosza 99,1,natalia.sadowski@example.com,48682880239,2005-07-14
690,Marek,Kaźmierczak,Łąkowa 62,1,marek.kazmierczak@example.com,48603110477,1990-06-13
691,Maciej,Witkowski,Rumiankowa 54,5,maciej.witkowski@example.com,48636579430,2001-08-03
692,Kinga,Grzelak,Bazarowa 73,7,kinga.grzelak@example.com,48675775470,2004-12-28
693,Antonina,Nowicki,Sezamowa 86,7,antonina.nowicki@example.com,48678085904,1975-03-17
694,Jan,Szulc,Jana Matejki 39,1,jan.szulc@example.com,48605068549,1993-07-05
695,Magdalena,Domański,Rubinowa 30,1,magdalena.domanski@example.com,48694899197,1978-06-01
696,Liliana,Rutkowski,Miodowa 48,7,liliana.rutkowski@example.com,48684443929,1995-10-25
697,Paweł,Tokarski,Stanisława Staszica 62,1,pawel.tokarski@example.com,48626117940,2006-12-04
698,Józef,Chojnacki,Stanisława Wigury 42,2,jozef.chojnacki@example.com,48654376100,1978-02-21
699,Filip,Mazur,Kraina Lodu 4,7,filip.mazur@example.com,48647406416,1978-01-10
700,Ewa,Ziółkowski,Emilii Plater 24,2,ewa.ziolkowski@example.com,48635003347,2002-08-09
701,Anna,Zawadzki,Srebrna 88,5,anna.zawadzki@example.com,48683651757,1975-10-07
702,Wiktoria,Stępień,Koronkowa 46,2,wiktoria.stepien@example.com,48634876411,1981-11-19
703,Marcel,Piotrowski,Modrzewiowa 24,1,marcel.piotrowski@example.com,48690233504,1986-11-05
704,Piotr,Pietrzak,Chłodna 91,3,piotr.pietrzak@example.com,48610238768,1978-11-28
705,Beata,Piotrowski,Błękitna 10,7,beata.piotrowski@example.com,48630051655,2004-07-06
706,Joanna,Witkowski,Mokra 72,5,joanna.witkowski@example.com,48624384245,1979-03-13
707,Dawid,Piotrowski,Strefowa 18,6,dawid.piotrowski@example.com,48660819144,1985-10-15
708,Rozalia,Wojciechowski,Władysława Reymonta 45,5,rozalia.wojciechowski@example.com,48600293151,1995-05-01
709,Emil,Stefański,Kwiatowa 12,3,emil.stefanski@example.com,48607683539,2003-12-26
710,Dominika,Michalski,Rubinowa 17,4,dominika.michalski@example.com,48622956667,1986-08-25
711,Barbara,Tokarski,Rycerska 55,4,barbara.tokarski@example.com,48673862274,1981-05-01
712,Sandra,Woźniak,Kluczowa 65,2,sandra.wozniak@example.com,48618006965,1990-12-24
713,Oliwia,Ziółkowski,Szmaragdowa 42,8,oliwia.ziolkowski@example.com,48612859200,1977-11-21
714,Lucyna,Przybylski,Olchowa 19,1,lucyna.przybylski@example.com,48676527149,1989-01-23
715,Wojciech,Makowski,Srebrna 12,7,wojciech.makowski@example.com,48644707746,1986-03-01
716,Izabela,Stankiewicz,Gwiezdna 28,1,izabela.stankiewicz@example.com,48606306580,1998-04-02
717,Dominika,Lewandowski,Szeroka 95,5,dominika.lewandowski@example.com,48654052791,1976-12-27
718,Tadeusz,Nowak,Polna 91,4,tadeusz.nowak@example.com,48641562447,1979-01-17
719,Kinga,Urban,Wrzosowa 78,2,kinga.urban@example.com,48650024830,1979-09-16
720,Aleksander,Czerwiński,Letnia 97,1,aleksander.czerwinski@example.com,48684528746,1981-10-27
721,Karol,Głowacki,Jana Długosza 44,2,karol.glowacki@example.com,48630647965,1987-03-29
722,Sylwia,Przybylski,Antoniego Malczewskiego 86,6,sylwia.przybylski@example.com,48648595456,1992-07-24
723,Tomasz,Szewczyk,Zbożowa 43,2,tomasz.szewczyk@example.com,48613816774,1993-10-17
724,Lucyna,Kubiak,Bazarowa 54,7,lucyna.kubiak@example.com,48687044392,2005-08-02
725,Emil,Kamiński,Długa 80,5,emil.kaminski@example.com,48622891158,1987-07-10
726,Henryk,Łuczak,Stefana Żeromskiego 68,3,henryk.luczak@example.com,48678843590,1977-10-07
727,Wojciech,Król,Jana III Sobieskiego 98,1,wojciech.krol@example.com,48609504042,1980-01-27
728,Joanna,Jabłoński,Wodna 88,6,joanna.jablonski@example.com,48636421805,1976-04-11
729,Dominik,Tokarski,Heleny Modrzejewskiej 89,3,dominik.tokarski@example.com,48666359716,1975-04-01
730,Julia,Cieślak,Makowa 54,7,julia.cieslak@example.com,48664508599,2006-12-21
731,Tomasz,Kowalewski,Konstantego Ildefonsa Gałczyńskiego 99,1,tomasz.kowalewski@example.com,48639540348,1989-07-27
732,Bogumiła,Matuszewski,Lawendowa 77,5,bogumila.matuszewski@example.com,48640602831,1983-03-27
733,Sebastian,Krawczyk,Mokra 75,2,sebastian.krawczyk@example.com,48605987251,1976-02-01
734,Magdalena,Zając,Heleny Modrzejewskiej 53,7,magdalena.zajac@example.com,48686371489,2004-08-07
735,Joanna,Konieczny,Zielona 83,1,joanna.konieczny@example.com,48650716119,2003-03-20
736,Błażej,Rutkowski,Stefana Żeromskiego 73,3,blazej.rutkowski@example.com,48691305195,1979-10-24
737,Elżbieta,Andrzejewski,Władysława Reymonta 59,8,elzbieta.andrzejewski@example.com,48620407191,2004-04-25
738,Sandra,Kwiatkowski,Zamkowa 77,5,sandra.kwiatkowski@example.com,48649290743,1997-08-12
739,Lidia,Dudek,Wandy Rutkiewicz 92,7,lidia.dudek@example.com,48692816352,1978-03-24
740,Sandra,Zieliński,Jesienna 22,6,sandra.zielinski@example.com,48622684044,2005-01-08
741,Liliana,Kaczmarek,Elizy Orzeszkowej 9,5,liliana.kaczmarek@example.com,48667094462,2005-03-27
742,Julia,Król,Perłowa 33,4,julia.krol@example.com,48670369056,2001-07-06
743,Piotr,Mazurek,Królowej Jadwigi 19,1,piotr.mazurek@example.com,48645704710,1997-02-28
744,Mateusz,Zarzycki,Hanki Ordonówny 95,4,mateusz.zarzycki@example.com,48606679840,1991-03-11
745,Leon,Sobczak,Marii Curie-Skłodowskiej 88,4,leon.sobczak@example.com,48670379045,1985-10-23
746,Ewa,Chmielewski,Władysława Orkana 43,1,ewa.chmielewski@example.com,48642311011,1988-07-12
747,Paweł,Małecki,Mokra 42,8,pawel.malecki@example.com,48621765155,1999-06-26
748,Weronika,Wróbel,Wandy Rutkiewicz 40,8,weronika.wrobel@example.com,48685009735,2002-02-20
749,Franciszek,Jabłoński,Wandy Rutkiewicz 41,7,franciszek.jablonski@example.com,48690048584,1975-06-20
750,Łukasz,Grabowski,Kornela Makuszyńskiego 62,8,lukasz.grabowski@example.com,48630210017,1979-05-22
751,Anna,Jankowski,Kornela Makuszyńskiego 39,3,anna.jankowski@example.com,48676470994,1993-09-22
752,Mikołaj,Dąbrowski,Stanisława Wigury 43,8,mikolaj.dabrowski@example.com,48626756548,1996-09-03
753,Sebastian,Wysocki,Wodna 68,7,sebastian.wysocki@example.com,48697147278,1994-09-10
754,Nikola,Zieliński,Modrzewiowa 36,4,nikola.zielinski@example.com,48684662783,2006-05-31
755,Wiktoria,Bielecki,Zamkowa 61,4,wiktoria.bielecki@example.com,48663404392,2002-09-26
756,Marek,Kucharski,Gajowa 26,4,marek.kucharski@example.com,48671013117,1982-06-10
757,Damian,Mazur,Olchowa 61,1,damian.mazur@example.com,48697261027,1976-07-07
758,Sandra,Wysocki,Bolesława Chrobrego 78,3,sandra.wysocki@example.com,48603097259,1997-12-17
759,Magdalena,Gajewski,Władysława Orkana 94,7,magdalena.gajewski@example.com,48687754694,1988-03-24
760,Patryk,Kamiński,Malinowa 74,4,patryk.kaminski@example.com,48613575952,1978-05-27
761,Antonina,Stępień,Zofii Kossak-Szczuckiej 78,1,antonina.stepien@example.com,48630820955,1998-08-13
762,Sandra,Krawczyk,Jana Zamoyskiego 96,2,sandra.krawczyk@example.com,48674734645,1977-12-22
763,Ewa,Kaźmierczak,Perłowa 86,4,ewa.kazmierczak@example.com,48689660581,2004-12-27
764,Dagmara,Urban,Długa 51,8,dagmara.urban@example.com,48600689298,2006-05-02
765,Łukasz,Borowski,Antoniego Malczewskiego 38,8,lukasz.borowski@example.com,48676131270,1975-01-23
766,Tomasz,Grabowski,Zygmunta Krasińskiego 71,1,tomasz.grabowski@example.com,48619433986,1979-10-26
767,Antonina,Jóźwiak,Franciszka Żwirki 16,6,antonina.jozwiak@example.com,48681063363,2002-10-24
768,Sylwia,Stefański,Polna 54,4,sylwia.stefanski@example.com,48647305352,1982-11-04
769,Natalia,Pawlak,Perłowa 55,8,natalia.pawlak@example.com,48650975536,1980-11-15
770,Szymon,Mazurek,Ignacego Mościckiego 7,6,szymon.mazurek@example.com,48618145201,2000-05-05
771,Andrzej,Błaszczyk,Limonkowa 75,6,andrzej.blaszczyk@example.com,48630853307,1976-02-08
772,Marianna,Andrzejewski,Modrzewiowa 38,1,marianna.andrzejewski@example.com,48678683402,1992-09-23
773,Izabela,Jankowski,Jasna 34,6,izabela.jankowski@example.com,48608908874,2001-06-08
774,Krzysztof,Zarzycki,Klonowa 92,2,krzysztof.zarzycki@example.com,48628015966,1999-05-25
775,Zbigniew,Głowacki,Mokra 39,5,zbigniew.glowacki@example.com,48653403489,2005-05-14
776,Marek,Mikołajczyk,Gajowa 93,6,marek.mikolajczyk@example.com,48691374967,1986-08-01
777,Jakub,Walczak,Tadeusza Kościuszki 30,8,jakub.walczak@example.com,48608094069,1986-10-20
778,Krzysztof,Zawadzki,Świerkowa 30,7,krzysztof.zawadzki@example.com,48664446959,2001-04-29
779,Hanna,Czajkowski,Marii Skłodowskiej-Curie 15,3,hanna.czajkowski@example.com,48615395960,1989-01-20
780,Andrzej,Urban,Grzybowa 42,7,andrzej.urban@example.com,48691114460,2006-03-16
781,Paulina,Wójcik,Bursztynowa 92,8,paulina.wojcik@example.com,48672243764,1975-07-16
782,Bartosz,Andrzejewski,Czekoladowa 82,4,bartosz.andrzejewski@example.com,48682158514,1998-12-28
783,Kinga,Kozłowski,Nowa 31,4,kinga.kozlowski@example.com,48694833522,2002-03-19
784,Jan,Wysocki,Błękitna 42,1,jan.wysocki@example.com,48624405930,1991-09-14
785,Anna,Szulc,Czekoladowa 69,4,anna.szulc@example.com,48661045995,2000-11-25
786,Maria,Mikołajczyk,Cypriana Norwida 95,7,maria.mikolajczyk@example.com,48645367805,1982-02-05
787,Marta,Czajkowski,Jasna 81,5,marta.czajkowski@example.com,48610844988,1996-10-16
788,Dominika,Kaczmarek,Mokra 30,2,dominika.kaczmarek@example.com,48680504864,1988-05-10
789,Barbara,Woźniak,Słoneczna 3,3,barbara.wozniak@example.com,48688902488,2003-08-14
790,Helena,Mazurek,Piękna 73,8,helena.mazurek@example.com,48631707659,1990-03-28
791,Michał,Sadowski,Wesoła 15,1,michal.sadowski@example.com,48660385105,1989-02-03
792,Kinga,Kowalewski,Leszczynowa 36,8,kinga.kowalewski@example.com,48689472977,1981-12-04
793,Maria,Wiśniewski,Bolesława Chrobrego 50,3,maria.wisniewski@example.com,48611479357,1983-06-29
794,Cecylia,Mikołajczyk,Wiśniowa 96,6,cecylia.mikolajczyk@example.com,48629051063,2004-11-15
795,Wojciech,Baran,Gwiezdna 18,2,wojciech.baran@example.com,48692190968,2004-07-05
796,Zofia,Sobczak,Stara 11,2,zofia.sobczak@example.com,48609762275,1986-11-19
797,Krystyna,Głowacki,Gwiezdna 80,7,krystyna.glowacki@example.com,48619867753,1988-05-21
798,Zbigniew,Zarzycki,Wiejska 87,8,zbigniew.zarzycki@example.com,48658755468,1998-03-27
799,Dominik,Nowicki,Henryka Sienkiewicza 84,6,dominik.nowicki@example.com,48694987224,1994-09-30
800,Kazimierz,Król,Słomiana 76,7,kazimierz.krol@example.com,48608402313,1996-09-08
801,Bożydar,Makowski,Gwiezdna 75,4,bozydar.makowski@example.com,48638879240,1992-10-31
802,Natalia,Mazur,Marii Curie-Skłodowskiej 16,1,natalia.mazur@example.com,48627180510,1977-09-18
803,Karol,Bąk,Adama Mickiewicza 18,5,karol.bak@example.com,48678967510,1991-01-05
804,Iga,Szewczyk,Franciszka Żwirki 72,2,iga.szewczyk@example.com,48674038672,1994-05-17
805,Maksymilian,Jabłoński,Sukiennicza 42,6,maksymilian.jablonski@example.com,48690163932,1985-08-13
806,Amelia,Kowalczyk,Kluczowa 30,1,amelia.kowalczyk@example.com,48678956696,1993-05-26
807,Paulina,Urban,Słoneczna 74,2,paulina.urban@example.com,48660587766,1993-12-08
808,Janusz,Kubiński,Dębowa 12,1,janusz.kubinski@example.com,48644646411,1990-04-15
809,Anna,Tokarski,Jana Długosza 28,2,anna.tokarski@example.com,48626764232,2002-11-09
810,Kinga,Kołodziej,Malownicza 57,2,kinga.kolodziej@example.com,48689548833,2004-10-24
811,Izabela,Kozłowski,Akacjowa 91,8,izabela.kozlowski@example.com,48656147885,1981-08-04
812,Lidia,Cieślak,Topolowa 87,5,lidia.cieslak@example.com,48678739797,1976-09-11
813,Kacper,Ostrowski,Nowa 70,2,kacper.ostrowski@example.com,48627551017,1996-06-22
814,Dagmara,Borkowski,Zofii Kossak-Szczuckiej 57,2,dagmara.borkowski@example.com,48648685450,1988-09-15
815,Nikola,Jóźwiak,Klonowa 48,1,nikola.jozwiak@example.com,48609857925,1979-04-01
816,Antoni,Sobczak,Topolowa 50,1,antoni.sobczak@example.com,48621696848,1978-06-13
817,Sandra,Czajkowski,Tęczowa 11,1,sandra.czajkowski@example.com,48689322800,1980-02-22
818,Natalia,Janik,Czekoladowa 63,1,natalia.janik@example.com,48677728679,1992-04-30
819,Elżbieta,Czerwiński,Granitowa 26,6,elzbieta.czerwinski@example.com,48684133353,2004-05-10
820,Tadeusz,Wójcik,Tadeusza Kościuszki 5,5,tadeusz.wojcik@example.com,48617020437,2000-09-19
821,Patrycja,Dudek,Łukowa 56,1,patrycja.dudek@example.com,48629560575,1992-12-01
822,Jan,Rutkowski,Bananowa 33,8,jan.rutkowski@example.com,48628077461,1999-04-05
823,Natalia,Grzelak,Szewska 5,4,natalia.grzelak@example.com,48693726706,1983-05-05
824,Celina,Grabowski,Cynamonowa 88,2,celina.grabowski@example.com,48623514314,1979-01-01
825,Józef,Kamiński,Jasna 44,6,jozef.kaminski@example.com,48625838465,1979-05-04
826,Wiktor,Wojciechowski,Sadowa 33,3,wiktor.wojciechowski@example.com,48676913385,1976-08-01
827,Henryk,Sikora,Słomiana 98,8,henryk.sikora@example.com,48627259531,2004-10-08
828,Henryk,Makowski,Podgórna 86,5,henryk.makowski@example.com,48632968631,1996-02-14
829,Liliana,Mikołajczyk,Władysława Reymonta 2,3,liliana.mikolajczyk@example.com,48699350652,1998-11-14
830,Bogumiła,Żak,Morelowa 3,3,bogumila.zak@example.com,48628218423,1995-10-09
831,Kinga,Ostrowski,Śnieżna 69,6,kinga.ostrowski@example.com,48634177996,1997-10-08
832,Paweł,Kądziela,Pustynna 88,1,pawel.kadziela@example.com,48657950912,1976-04-10
833,Tomasz,Walczak,Polna 81,1,tomasz.walczak@example.com,48614930698,1975-11-07
834,Aleksander,Konieczny,Adama Mickiewicza 81,5,aleksander.konieczny@example.com,48670357926,2003-11-18
835,Elżbieta,Wysocki,Władysława Reymonta 91,1,elzbieta.wysocki@example.com,48640506108,1977-07-12
836,Patrycja,Urban,Bukowa 35,5,patrycja.urban@example.com,48649306658,1982-03-05
837,Filip,Marciniak,Wulkaniczna 53,4,filip.marciniak@example.com,48635896298,1989-11-19
838,Tadeusz,Kądziela,Wandy Rutkiewicz 17,1,tadeusz.kadziela@example.com,48620180299,1993-12-09
839,Maksymilian,Czajkowski,Piękna 1,8,maksymilian.czajkowski@example.com,48611217938,1983-08-26
840,Kacper,Zawadzki,Nadziei 47,1,kacper.zawadzki@example.com,48673647929,2004-05-10
841,Jakub,Bąk,Długa 99,3,jakub.bak@example.com,48641225401,1978-03-07
842,Adam,Adamczyk,Waniliowa 24,4,adam.adamczyk@example.com,48684266061,1977-11-21
843,Halina,Ratajczak,Sadowa 94,4,halina.ratajczak@example.com,48631342468,1983-01-07
844,Marcel,Witkowski,Waniliowa 58,4,marcel.witkowski@example.com,48673505554,1983-09-02
845,Sebastian,Kołodziej,Perłowa 50,8,sebastian.kolodziej@example.com,48624298480,1985-08-08
846,Irena,Król,Elizy Orzeszkowej 41,2,irena.krol@example.com,48679427172,1999-01-25
847,Justyna,Wiśniewski,Modrzewiowa 77,5,justyna.wisniewski@example.com,48697744119,2005-10-31
848,Mateusz,Adamczyk,Gołębia 17,6,mateusz.adamczyk@example.com,48667680087,1984-10-18
849,Grzegorz,Majewski,Aleksandra Fredry 22,1,grzegorz.majewski@example.com,48660470720,2004-07-12
850,Szymon,Zieliński,Skrzypcowa 98,2,szymon.zielinski@example.com,48604331605,1984-09-20
851,Żaneta,Zawadzki,Jana Zamoyskiego 56,6,zaneta.zawadzki@example.com,48691804069,1989-08-31
852,Bartosz,Kaźmierczak,Perłowa 54,6,bartosz.kazmierczak@example.com,48652837084,2005-01-08
853,Lucyna,Zieliński,Chłodna 52,6,lucyna.zielinski@example.com,48644793383,1996-02-10
854,Krystyna,Szulc,Ignacego Paderewskiego 10,3,krystyna.szulc@example.com,48603850280,2003-11-02
855,Andrzej,Majewski,Kornela Makuszyńskiego 78,2,andrzej.majewski@example.com,48672239126,1983-09-03
856,Henryk,Szymański,Śnieżna 71,4,henryk.szymanski@example.com,48682485285,1981-02-26
857,Gabriel,Pietrzak,Zielona 52,3,gabriel.pietrzak@example.com,48600325899,1987-10-21
858,Józef,Czajkowski,Franciszka Żwirki 17,1,jozef.czajkowski@example.com,48613107396,1986-06-29
859,Marianna,Kądziela,Świerkowa 95,3,marianna.kadziela@example.com,48685714491,2003-02-17
860,Kazimierz,Andrzejewski,Heleny Modrzejewskiej 3,3,kazimierz.andrzejewski@example.com,48637146075,1976-04-18
861,Magdalena,Kot,Fryderyka Chopina 54,2,magdalena.kot@example.com,48606486350,1981-08-15
862,Malwina,Małecki,Łąkowa 39,3,malwina.malecki@example.com,48652427221,1990-09-30
863,Andrzej,Ratajczak,Stefana Żeromskiego 84,6,andrzej.ratajczak@example.com,48689343220,1977-07-27
864,Celina,Rutkowski,Świerkowa 24,7,celina.rutkowski@example.com,48601419838,1977-02-21
865,Karol,Kądziela,Jesienna 96,8,karol.kadziela@example.com,48607695242,1978-05-11
866,Szymon,Cieślak,Diamentowa 22,1,szymon.cieslak@example.com,48698216237,1996-12-29
867,Marta,Sikorski,Jaskółcza 51,8,marta.sikorski@example.com,48602807430,1985-11-16
868,Mateusz,Małecki,Sukiennicza 7,2,mateusz.malecki@example.com,48602566377,1976-10-07
869,Marta,Kozak,Zofii Nałkowskiej 14,4,marta.kozak@example.com,48630427974,1998-07-09
870,Jakub,Kwiatkowski,Radosna 74,3,jakub.kwiatkowski@example.com,48663300525,1983-10-10
871,Henryk,Zawadzki,Tęczowa 35,3,henryk.zawadzki@example.com,48645986140,1979-11-06
872,Paulina,Konieczny,Śnieżna 58,1,paulina.konieczny@example.com,48670856613,1986-11-10
873,Damian,Piotrowski,Nadziei 87,1,damian.piotrowski@example.com,48665602199,1997-01-12
874,Ewa,Andrzejewski,Nadmorska 87,2,ewa.andrzejewski@example.com,48634668670,2005-05-09
875,Andrzej,Kozak,Słomiana 12,1,andrzej.kozak@example.com,48630480015,2000-11-18
876,Oskar,Błaszczyk,Akacjowa 20,2,oskar.blaszczyk@example.com,48644031296,1976-02-17
877,Mateusz,Stankiewicz,Modrzewiowa 37,5,mateusz.stankiewicz@example.com,48651771128,1976-06-08
878,Joanna,Czajkowski,Zygmunta Krasińskiego 81,2,joanna.czajkowski@example.com,48600305180,1978-04-12
879,Renata,Grabowski,Ludwika Solskiego 73,7,renata.grabowski@example.com,48677877163,1994-02-08
880,Weronika,Pietrzak,Koronkowa 75,3,weronika.pietrzak@example.com,48633718517,1998-09-22
881,Katarzyna,Jabłoński,Radosna 15,6,katarzyna.jablonski@example.com,48627820551,1982-11-12
882,Barbara,Mazurek,Rycerska 50,1,barbara.mazurek@example.com,48644678183,1979-02-09
883,Eryk,Sikorski,Krucza 65,5,eryk.sikorski@example.com,48657668841,1981-11-11
884,Wiktoria,Kucharski,Adama Mickiewicza 72,3,wiktoria.kucharski@example.com,48674677287,1978-12-10
885,Adam,Kowalewski,Kwiatowa 38,7,adam.kowalewski@example.com,48646750888,1991-02-06
886,Helena,Lewandowski,Kornela Makuszyńskiego 23,2,helena.lewandowski@example.com,48606705724,2005-10-12
887,Kinga,Piotrowski,Kraina Lodu 6,3,kinga.piotrowski@example.com,48618471318,1976-07-14
888,Magdalena,Kaczmarek,Rubinowa 87,3,magdalena.kaczmarek@example.com,48661777101,1987-01-30
889,Wiktoria,Mazurek,Migdałowa 47,3,wiktoria.mazurek@example.com,48613758833,1979-11-07
890,Piotr,Kamiński,Spacerowa 7,3,piotr.kaminski@example.com,48696463016,2005-07-11
891,Kinga,Cieślak,Topolowa 42,4,kinga.cieslak@example.com,48619953617,2006-07-20
892,Kazimierz,Brodowski,Karola Szymanowskiego 19,5,kazimierz.brodowski@example.com,48610339586,1999-12-15
893,Wiktor,Wróbel,Sezamowa 65,2,wiktor.wrobel@example.com,48611286238,2004-05-11
894,Oliwia,Zając,Wschodnia 75,8,oliwia.zajac@example.com,48611018515,1984-04-28
895,Krystyna,Żak,Brzozowa 47,5,krystyna.zak@example.com,48661941388,1993-07-01
896,Malwina,Majewski,Sukiennicza 68,5,malwina.majewski@example.com,48639106306,2001-06-13
897,Bartosz,Sobczak,Zofii Nałkowskiej 27,4,bartosz.sobczak@example.com,48615710532,1998-03-10
898,Dominik,Ratajczak,Cicha 29,2,dominik.ratajczak@example.com,48645985074,1978-01-27
899,Patryk,Zarzycki,Antoniego Malczewskiego 91,4,patryk.zarzycki@example.com,48698994062,1987-07-04
900,Natalia,Marciniak,Miodowa 69,7,natalia.marciniak@example.com,48699534132,2001-02-02
901,Adam,Stankiewicz,Bolesława Chrobrego 6,3,adam.stankiewicz@example.com,48626914106,2005-11-05
902,Jakub,Baran,Hanki Ordonówny 79,3,jakub.baran@example.com,48675087078,2004-11-26
903,Maksymilian,Chmielewski,Rodzinna 95,1,maksymilian.chmielewski@example.com,48639078501,1988-03-01
904,Hanna,Kaczmarek,Krótka 87,6,hanna.kaczmarek@example.com,48663216811,1981-06-02
905,Patryk,Król,Nowa 96,3,patryk.krol@example.com,48687315533,1978-04-10
906,Amelia,Jabłoński,Kazimierza Pułaskiego 30,4,amelia.jablonski@example.com,48622105486,1998-12-27
907,Andrzej,Adamczyk,Diamentowa 39,3,andrzej.adamczyk@example.com,48625137799,1985-10-20
908,Patrycja,Sikorski,Krucza 50,4,patrycja.sikorski@example.com,48659022163,1987-11-26
909,Justyna,Michalski,Borówkowa 50,3,justyna.michalski@example.com,48661863612,1979-07-22
910,Piotr,Śliwiński,Wulkaniczna 20,6,piotr.sliwinski@example.com,48653842876,2006-02-26
911,Malwina,Makowski,Kazimierza Wielkiego 25,2,malwina.makowski@example.com,48623329592,1978-10-16
912,Oskar,Majewski,Jana Zamoyskiego 7,2,oskar.majewski@example.com,48601290327,1989-12-10
913,Halina,Wysocki,Stanisława Wigury 34,7,halina.wysocki@example.com,48610126376,1985-08-31
914,Sylwia,Sobczak,Juliana Tuwima 56,1,sylwia.sobczak@example.com,48627950267,2002-08-07
915,Janusz,Łuczak,Zaciszna 51,5,janusz.luczak@example.com,48639008890,1993-10-03
916,Julian,Ratajczak,Tadeusza Mazowieckiego 10,1,julian.ratajczak@example.com,48650457677,1996-06-24
917,Karol,Krawczyk,Szeroka 9,3,karol.krawczyk@example.com,48655035407,2003-01-01
918,Błażej,Baran,Marii Curie-Skłodowskiej 24,5,blazej.baran@example.com,48670854516,2003-08-06
919,Janusz,Lis,Franciszka Żwirki 30,5,janusz.lis@example.com,48633424619,1994-06-29
920,Malwina,Andrzejewski,Jana Sobieskiego 88,8,malwina.andrzejewski@example.com,48695150325,1975-02-21
921,Justyna,Łuczak,Dojazdowa 70,6,justyna.luczak@example.com,48646106537,2006-03-03
922,Irena,Cieślak,Dojazdowa 25,2,irena.cieslak@example.com,48645265966,1998-05-21
923,Damian,Grabowski,Cicha 44,1,damian.grabowski@example.com,48688172312,1975-11-04
924,Karol,Ostrowski,Akacjowa 65,8,karol.ostrowski@example.com,48683085559,1998-10-31
925,Dawid,Woźniak,Heleny Modrzejewskiej 74,4,dawid.wozniak@example.com,48672710712,1979-09-11
926,Marta,Śliwiński,Spacerowa 15,4,marta.sliwinski@example.com,48619197669,1993-01-11
927,Piotr,Pawlak,Podleśna 21,2,piotr.pawlak@example.com,48651042198,1979-10-31
928,Renata,Jankowski,Antoniego Malczewskiego 15,6,renata.jankowski@example.com,48693981054,1979-02-25
929,Amelia,Bielecki,Mikołaja Kopernika 35,3,amelia.bielecki@example.com,48675845887,1980-08-22
930,Marianna,Konieczny,Koronkowa 35,7,marianna.konieczny@example.com,48610751827,1994-09-07
931,Rozalia,Ratajczak,Klonowa 2,2,rozalia.ratajczak@example.com,48629821386,1986-01-12
932,Lucyna,Kowalewski,Koralowa 47,4,lucyna.kowalewski@example.com,48647357698,2002-04-08
933,Kazimierz,Nowicki,Wyzwolenia 97,6,kazimierz.nowicki@example.com,48649359076,1992-04-13
934,Oskar,Kubiński,Marii Curie-Skłodowskiej 61,3,oskar.kubinski@example.com,48683406137,2006-11-29
935,Oliwia,Matuszewski,Spokojna 38,4,oliwia.matuszewski@example.com,48667206629,1986-03-15
936,Lidia,Borkowski,Bolesława Chrobrego 61,7,lidia.borkowski@example.com,48635998477,1985-01-25
937,Karol,Matuszewski,Stara 8,4,karol.matuszewski@example.com,48624853959,1999-05-18
938,Sebastian,Pietrzak,Parkowa 45,2,sebastian.pietrzak@example.com,48640547776,2005-09-22
939,Dominik,Urban,Kamienna 60,8,dominik.urban@example.com,48605995354,1982-02-27
940,Marta,Stępień,Kokosowa 92,5,marta.stepien@example.com,48670519882,1998-05-17
941,Aleksander,Kubiński,Leśna 38,4,aleksander.kubinski@example.com,48633082287,1982-07-19
942,Julia,Krawczyk,Gwiezdna 58,2,julia.krawczyk@example.com,48605325352,1991-12-21
943,Gabriela,Pietrzak,Heleny Modrzejewskiej 46,2,gabriela.pietrzak@example.com,48619617044,1983-08-15
944,Renata,Cieślak,Wincentego Witosa 59,3,renata.cieslak@example.com,48692454712,1983-11-15
945,Dominika,Gajewski,Cedrowa 94,7,dominika.gajewski@example.com,48600064829,1990-02-21
946,Maciej,Kamiński,Rubinowa 27,5,maciej.kaminski@example.com,48638575063,1990-03-20
947,Teresa,Dudek,Marii Curie-Skłodowskiej 74,4,teresa.dudek@example.com,48632458029,1984-05-01
948,Magdalena,Makowski,Czekoladowa 85,4,magdalena.makowski@example.com,48661166273,1982-05-20
949,Piotr,Kowalewski,Aleksandra Fredry 27,2,piotr.kowalewski@example.com,48621378284,1983-09-03
950,Halina,Mikołajczyk,Leszczynowa 95,7,halina.mikolajczyk@example.com,48678239102,2006-02-27
951,Szymon,Żak,Sosnowa 17,5,szymon.zak@example.com,48639124547,1996-04-07
952,Tadeusz,Dudek,Pustynna 26,4,tadeusz.dudek@example.com,48630656254,1982-09-03
953,Julian,Pietrzak,Cicha 71,1,julian.pietrzak@example.com,48679002787,1997-07-13
954,Halina,Nowak,Władysława Reymonta 16,5,halina.nowak@example.com,48621315349,2006-12-25
955,Jan,Zawadzki,Bursztynowa 99,7,jan.zawadzki@example.com,48606181313,2002-01-24
956,Amelia,Stankiewicz,Stara 3,7,amelia.stankiewicz@example.com,48649619036,2003-05-14
957,Krystyna,Małecki,Kokosowa 82,1,krystyna.malecki@example.com,48670018526,1981-01-01
958,Filip,Kaźmierczak,Zofii Kossak-Szczuckiej 78,8,filip.kazmierczak@example.com,48672946989,1991-12-16
959,Tadeusz,Ratajczak,Wrzosowa 15,2,tadeusz.ratajczak@example.com,48637218491,2001-11-21
960,Wiktor,Kopczyński,Szmaragdowa 72,3,wiktor.kopczynski@example.com,48695770586,1975-04-22
961,Szymon,Witkowski,Franciszka Żwirki 82,1,szymon.witkowski@example.com,48699954032,1977-10-30
962,Halina,Bielecki,Zofii Kossak-Szczuckiej 99,7,halina.bielecki@example.com,48681522017,1980-09-24
963,Marek,Jabłoński,Wandy Rutkiewicz 97,1,marek.jablonski@example.com,48686861438,1979-01-15
964,Łukasz,Janik,Borówkowa 95,6,lukasz.janik@example.com,48634899445,1980-09-11
965,Celina,Baran,Zbożowa 19,5,celina.baran@example.com,48603041885,1976-08-19
966,Franciszek,Konieczny,Borówkowa 34,4,franciszek.konieczny@example.com,48690204693,1989-02-07
967,Wojciech,Borkowski,Podleśna 45,6,wojciech.borkowski@example.com,48693455834,1988-04-09
968,Maksymilian,Lewandowski,Juliana Tuwima 73,2,maksymilian.lewandowski@example.com,48657040320,1994-03-04
969,Mikołaj,Adamczyk,Tadeusza Kościuszki 31,3,mikolaj.adamczyk@example.com,48681795783,1977-07-11
970,Helena,Ostrowski,Granitowa 93,1,helena.ostrowski@example.com,48613602290,1981-03-07
971,Gabriela,Stępień,Waniliowa 15,1,gabriela.stepien@example.com,48639407520,1975-06-15
972,Bartosz,Zawadzki,Rycerska 76,5,bartosz.zawadzki@example.com,48692143748,1976-06-28
973,Anna,Dudek,Zofii Nałkowskiej 15,2,anna.dudek@example.com,48618681331,1993-05-06
974,Dominika,Dąbrowski,Migdałowa 22,3,dominika.dabrowski@example.com,48686128237,1994-07-05
975,Marianna,Mazur,Jesienna 29,2,marianna.mazur@example.com,48690529355,1984-07-03
976,Joanna,Stępień,Elizy Orzeszkowej 43,3,joanna.stepien@example.com,48686464515,1982-11-14
977,Wojciech,Nowacki,Kamienna 71,1,wojciech.nowacki@example.com,48637842944,1976-12-12
978,Dawid,Walczak,Jesienna 91,1,dawid.walczak@example.com,48634132193,1989-08-02
979,Tadeusz,Przybylski,Ptasia 83,6,tadeusz.przybylski@example.com,48697920933,1991-11-18
980,Bogumiła,Kubiński,Leszczynowa 46,8,bogumila.kubinski@example.com,48681402429,1975-10-24
981,Maksymilian,Szewczyk,Elizy Orzeszkowej 5,4,maksymilian.szewczyk@example.com,48678526597,1987-04-25
982,Wiktor,Wójcik,Miedziana 2,2,wiktor.wojcik@example.com,48676045887,2005-02-18
983,Barbara,Kot,Zbożowa 4,8,barbara.kot@example.com,48699480575,1980-05-23
984,Rafał,Bąk,Marii Konopnickiej 87,8,rafal.bak@example.com,48610225244,1983-05-28
985,Marek,Brodowski,Letnia 88,8,marek.brodowski@example.com,48633351401,1987-06-11
986,Lidia,Zarzycki,Stanisława Wigury 89,1,lidia.zarzycki@example.com,48626403307,1990-10-19
987,Liliana,Kozłowski,Jana Sobieskiego 35,7,liliana.kozlowski@example.com,48601586882,1995-03-09
988,Antonina,Matuszewski,Złota 96,8,antonina.matuszewski@example.com,48633108616,1980-04-21
989,Kinga,Jabłoński,Strefowa 72,2,kinga.jablonski@example.com,48650112563,1977-09-29
990,Karol,Bielecki,Ignacego Mościckiego 27,6,karol.bielecki@example.com,48655620645,1977-12-04
991,Jagoda,Tomczak,Dojazdowa 37,5,jagoda.tomczak@example.com,48610535607,2005-12-13
992,Andrzej,Stankiewicz,Hanki Ordonówny 56,6,andrzej.stankiewicz@example.com,48643631996,1989-12-31
993,Wiktoria,Wysocki,Józefa Chełmońskiego 91,4,wiktoria.wysocki@example.com,48673620853,1988-08-20
994,Rozalia,Kozak,Henryka Sienkiewicza 83,7,rozalia.kozak@example.com,48640817000,1990-08-09
995,Mateusz,Nowacki,Chłodna 21,8,mateusz.nowacki@example.com,48633462923,1975-10-10
996,Andrzej,Mazurek,Zimowa 35,3,andrzej.mazurek@example.com,48629384083,1980-01-23
997,Szymon,Dąbrowski,Górska 85,3,szymon.dabrowski@example.com,48610617904,1985-01-30
998,Marek,Wróbel,Cypriana Norwida 53,3,marek.wrobel@example.com,48625445948,1985-06-18
999,Jagoda,Kądziela,Róży Luksemburg 53,2,jagoda.kadziela@example.com,48646375944,1978-04-15
1000,Celina,Małecki,Dębowa 68,2,celina.malecki@example.com,48600440981,2005-04-12
