UserID,FirstName,LastName,Street,PostalCode,CityID,Email,Phone,DateOfBirth
1,Elżbieta,Wiśniewska,ul. Lipowa 27,33-587,1,elżbieta.wiśniewska@example.com,+48682026585,2004-12-16
2,Paweł,Adamski,ul. Kwiatowa 10,63-225,1,paweł.adamski@example.com,+48636407742,1984-04-21
3,Magdalena,Wójcik,ul. Wrzosowa 39,04-967,2,magdalena.wójcik@example.com,+48619061846,1989-10-24
4,Agnieszka,Dąbrowska,ul. Kwiatowa 44,51-695,3,agnieszka.dąbrowska@example.com,+48669259973,1986-06-11
5,Piotr,Zawadzka,ul. Cicha 49,98-729,3,piotr.zawadzka@example.com,+48663620785,1963-05-18
6,Joanna,Wiśniewski,ul. Polna 28,84-838,3,joanna.wiśniewski@example.com,+48640738011,1969-09-26
7,Dariusz,Zielińska,ul. Lipowa 39,46-552,3,dariusz.zielińska@example.com,+48605934550,1976-05-13
8,Marcin,Dąbrowska,ul. Cicha 12,77-889,3,marcin.dąbrowska@example.com,+48642133023,2005-06-08
9,Paweł,Kowalski,ul. Krótka 20,59-227,4,paweł.kowalski@example.com,+48649458784,2002-01-12
10,Jan,Kwiatkowska,ul. Słoneczna 16,92-103,4,jan.kwiatkowska@example.com,+48631759601,1967-07-29
11,Michał,Nowak,ul. Górna 37,66-328,4,michał.nowak@example.com,+48684477407,1988-10-29
12,Justyna,Jakubowski,ul. Jasna 40,63-062,4,justyna.jakubowski@example.com,+48638454880,1988-04-30
13,Piotr,Kwiatkowska,ul. Spacerowa 31,35-480,5,piotr.kwiatkowska@example.com,+48689322946,1986-07-14
14,Dariusz,Wiśniewski,ul. Ogrodowa 46,26-186,5,dariusz.wiśniewski@example.com,+48656881682,2001-03-17
15,Robert,Kwiatkowska,ul. Cicha 44,17-968,5,robert.kwiatkowska@example.com,+48629093702,1961-07-10
16,Jan,Dąbrowska,ul. Wrzosowa 30,06-741,5,jan.dąbrowska@example.com,+48683818698,1997-12-04
17,Robert,Zawadzka,ul. Górna 38,11-044,6,robert.zawadzka@example.com,+48677840954,1986-09-09
18,Anna,Chmielewski,ul. Ogrodowa 3,27-147,6,anna.chmielewski@example.com,+48606774060,1967-04-22
19,Elżbieta,Jakubowski,ul. Górna 5,49-032,7,elżbieta.jakubowski@example.com,+48686221487,2000-11-05
20,Joanna,Król,ul. Leśna 27,08-866,8,joanna.król@example.com,+48683382473,2005-10-27
21,Katarzyna,Wiśniewska,ul. Cicha 10,67-207,8,katarzyna.wiśniewska@example.com,+48637555870,1996-08-15
22,Marcin,Król,ul. Ogrodowa 43,96-202,8,marcin.król@example.com,+48626496794,1969-09-14
23,Paweł,Król,ul. Akacjowa 22,88-949,8,paweł.król@example.com,+48690637877,1973-02-10
24,Karolina,Adamski,ul. Długa 47,16-390,9,karolina.adamski@example.com,+48658873379,1978-01-21
25,Robert,Dąbrowska,ul. Leśna 39,25-885,9,robert.dąbrowska@example.com,+48687337547,1989-12-30
26,Robert,Adamski,ul. Ogrodowa 32,26-625,9,robert.adamski@example.com,+48634981897,1976-05-11
27,Anna,Zawadzka,ul. Leśna 13,46-797,10,anna.zawadzka@example.com,+48667365167,1991-08-29
28,Katarzyna,Kwiatkowska,ul. Krótka 20,48-784,10,katarzyna.kwiatkowska@example.com,+48687910455,1986-05-08
29,Agnieszka,Król,ul. Polna 50,00-235,10,agnieszka.król@example.com,+48601157401,1994-07-08
30,Katarzyna,Grabowska,ul. Lipowa 49,41-338,11,katarzyna.grabowska@example.com,+48694659537,1991-02-05
31,Dariusz,Wójcik,ul. Polna 16,06-357,11,dariusz.wójcik@example.com,+48607740589,1965-09-09
32,Marcin,Dąbrowska,ul. Cicha 21,59-456,11,marcin.dąbrowska@example.com,+48613046961,1984-09-17
33,Dariusz,Chmielewski,ul. Górna 45,29-016,11,dariusz.chmielewski@example.com,+48626670863,1980-01-30
34,Katarzyna,Chmielewski,ul. Długa 13,10-577,12,katarzyna.chmielewski@example.com,+48617176482,2005-03-30
35,Agnieszka,Zielińska,ul. Długa 46,84-120,12,agnieszka.zielińska@example.com,+48667580267,1964-11-05
36,Patryk,Kowalski,ul. Cicha 19,04-077,13,patryk.kowalski@example.com,+48630172763,1996-11-23
37,Joanna,Adamski,ul. Lipowa 38,18-740,14,joanna.adamski@example.com,+48666513263,1986-04-19
38,Michał,Wiśniewska,ul. Górna 42,90-168,14,michał.wiśniewska@example.com,+48646708774,1975-12-01
39,Paweł,Jakubowski,ul. Malinowa 49,02-297,15,paweł.jakubowski@example.com,+48620332679,2001-04-08
40,Joanna,Adamski,ul. Polna 13,75-984,16,joanna.adamski@example.com,+48696906717,1960-09-12
41,Marcin,Kwiatkowska,ul. Jasna 10,81-680,16,marcin.kwiatkowska@example.com,+48635336708,1968-10-19
42,Elżbieta,Dąbrowska,ul. Malinowa 17,73-744,16,elżbieta.dąbrowska@example.com,+48624750686,1969-07-28
43,Elżbieta,Zawadzka,ul. Cicha 32,48-461,16,elżbieta.zawadzka@example.com,+48654963394,1977-07-05
44,Patryk,Zawadzka,ul. Górna 30,67-200,17,patryk.zawadzka@example.com,+48616669955,1973-06-15
45,Marcin,Chmielewski,ul. Cicha 4,99-946,17,marcin.chmielewski@example.com,+48613024238,1978-01-15
46,Jan,Kwiatkowska,ul. Spacerowa 34,35-157,17,jan.kwiatkowska@example.com,+48662255648,1982-06-10
47,Anna,Dąbrowska,ul. Górna 34,89-853,17,anna.dąbrowska@example.com,+48699916798,1983-12-25
48,Elżbieta,Kwiatkowska,ul. Górna 9,31-244,17,elżbieta.kwiatkowska@example.com,+48610297710,1977-09-17
49,Robert,Piotrowski,ul. Górna 11,53-681,18,robert.piotrowski@example.com,+48628064742,1994-06-23
50,Elżbieta,Wiśniewska,ul. Górna 47,16-405,19,elżbieta.wiśniewska@example.com,+48637556010,1963-03-11
51,Piotr,Wiśniewski,ul. Cicha 18,70-805,19,piotr.wiśniewski@example.com,+48605584778,1988-05-13
52,Paweł,Chmielewski,ul. Spacerowa 29,18-321,19,paweł.chmielewski@example.com,+48602561618,1960-02-02
53,Piotr,Kowalski,ul. Górna 19,28-959,19,piotr.kowalski@example.com,+48605787735,1979-11-12
54,Agnieszka,Chmielewski,ul. Cicha 35,22-122,19,agnieszka.chmielewski@example.com,+48678723600,2003-02-20
55,Marcin,Dąbrowska,ul. Leśna 44,68-997,20,marcin.dąbrowska@example.com,+48669172776,1980-07-10
56,Elżbieta,Wiśniewski,ul. Wrzosowa 27,82-780,21,elżbieta.wiśniewski@example.com,+48670387728,1977-09-16
57,Michał,Wiśniewska,ul. Lipowa 33,99-361,21,michał.wiśniewska@example.com,+48690522897,1973-05-20
58,Paweł,Nowicki,ul. Lipowa 21,53-512,21,paweł.nowicki@example.com,+48637196723,1999-03-08
59,Patryk,Król,ul. Malinowa 3,03-190,22,patryk.król@example.com,+48658912188,1989-05-19
60,Agnieszka,Kwiatkowska,ul. Długa 34,70-150,22,agnieszka.kwiatkowska@example.com,+48699941274,1963-06-14
61,Katarzyna,Nowicki,ul. Cicha 29,05-623,22,katarzyna.nowicki@example.com,+48624302338,1992-12-25
62,Jan,Zawadzka,ul. Krótka 32,79-676,22,jan.zawadzka@example.com,+48625712980,1976-03-05
63,Agnieszka,Kwiatkowska,ul. Górna 33,58-824,23,agnieszka.kwiatkowska@example.com,+48695476130,2005-05-18
64,Michał,Chmielewski,ul. Kwiatowa 16,39-834,24,michał.chmielewski@example.com,+48660164223,1975-03-07
65,Joanna,Nowak,ul. Długa 44,67-734,24,joanna.nowak@example.com,+48606188418,1963-11-01
66,Elżbieta,Wójcik,ul. Leśna 13,52-367,24,elżbieta.wójcik@example.com,+48638528057,1996-04-22
67,Karolina,Piotrowski,ul. Spacerowa 6,26-328,24,karolina.piotrowski@example.com,+48613593146,1992-04-11
68,Piotr,Zielińska,ul. Cicha 15,94-528,24,piotr.zielińska@example.com,+48690906951,1961-11-29
69,Dariusz,Dąbrowska,ul. Leśna 23,39-234,25,dariusz.dąbrowska@example.com,+48694529237,1994-09-09
70,Michał,Chmielewski,ul. Słoneczna 19,24-810,25,michał.chmielewski@example.com,+48614847536,1992-02-12
71,Piotr,Wiśniewska,ul. Ogrodowa 44,94-995,26,piotr.wiśniewska@example.com,+48688052482,1992-02-11
72,Joanna,Jakubowski,ul. Krótka 10,42-274,26,joanna.jakubowski@example.com,+48693950969,1991-04-25
73,Karolina,Wiśniewski,ul. Spacerowa 12,04-824,26,karolina.wiśniewski@example.com,+48654380091,1986-08-09
74,Anna,Zawadzka,ul. Akacjowa 28,62-051,26,anna.zawadzka@example.com,+48689806749,1976-03-17
75,Elżbieta,Chmielewski,ul. Leśna 44,66-372,26,elżbieta.chmielewski@example.com,+48661664899,2004-02-21
76,Robert,Dąbrowska,ul. Słoneczna 39,38-124,27,robert.dąbrowska@example.com,+48683110823,1970-08-27
77,Joanna,Chmielewski,ul. Cicha 10,99-111,27,joanna.chmielewski@example.com,+48645953337,1988-05-28
78,Paweł,Jakubowski,ul. Wrzosowa 35,95-478,27,paweł.jakubowski@example.com,+48679785053,1981-11-26
79,Jan,Wójcik,ul. Długa 22,84-587,28,jan.wójcik@example.com,+48682661570,1983-05-06
80,Anna,Zielińska,ul. Cicha 12,74-020,28,anna.zielińska@example.com,+48608628875,1970-03-17
81,Paweł,Zawadzka,ul. Jasna 14,57-474,28,paweł.zawadzka@example.com,+48617688920,1996-07-20
82,Katarzyna,Zielińska,ul. Akacjowa 3,24-045,28,katarzyna.zielińska@example.com,+48618773020,1971-06-04
83,Marcin,Wójcik,ul. Kwiatowa 17,97-136,29,marcin.wójcik@example.com,+48655602358,1985-01-18
84,Justyna,Wójcik,ul. Jasna 29,22-574,30,justyna.wójcik@example.com,+48627602935,1975-09-03
85,Joanna,Zawadzka,ul. Malinowa 35,86-513,30,joanna.zawadzka@example.com,+48634419708,1969-04-28
86,Magdalena,Grabowska,ul. Polna 30,02-030,30,magdalena.grabowska@example.com,+48615706578,1969-12-06
87,Karolina,Wiśniewska,ul. Lipowa 22,38-885,30,karolina.wiśniewska@example.com,+48609534433,1973-10-10
88,Karolina,Kowalski,ul. Słoneczna 27,21-961,5,karolina.kowalski@example.com,+48685760178,1981-09-26
89,Piotr,Zielińska,ul. Polna 49,99-132,7,piotr.zielińska@example.com,+48649315688,1976-10-17
90,Dariusz,Zawadzka,ul. Górna 25,76-361,4,dariusz.zawadzka@example.com,+48612740387,1989-05-28
91,Elżbieta,Zawadzka,ul. Słoneczna 8,67-867,6,elżbieta.zawadzka@example.com,+48668906846,1993-09-12
92,Joanna,Wójcik,ul. Polna 4,11-033,19,joanna.wójcik@example.com,+48651280011,1998-08-12
93,Magdalena,Piotrowski,ul. Akacjowa 47,97-536,17,magdalena.piotrowski@example.com,+48691988737,1966-02-10
94,Elżbieta,Adamski,ul. Cicha 5,08-448,8,elżbieta.adamski@example.com,+48660978586,1981-12-23
95,Justyna,Nowicki,ul. Leśna 23,21-207,16,justyna.nowicki@example.com,+48632271485,1978-05-04
96,Dariusz,Jakubowski,ul. Malinowa 21,81-561,10,dariusz.jakubowski@example.com,+48659651634,1983-11-25
97,Anna,Kowalski,ul. Jasna 2,30-175,7,anna.kowalski@example.com,+48675937391,1974-05-08
98,Katarzyna,Zielińska,ul. Jasna 31,08-267,16,katarzyna.zielińska@example.com,+48663135047,1963-11-30
99,Marcin,Król,ul. Wrzosowa 46,87-827,19,marcin.król@example.com,+48668909545,1986-11-07
100,Agnieszka,Chmielewski,ul. Polna 27,87-157,2,agnieszka.chmielewski@example.com,+48622040720,1995-08-18
101,Joanna,Wiśniewska,ul. Słoneczna 15,99-012,14,joanna.wiśniewska@example.com,+48675153530,1981-06-20
102,Marcin,Kwiatkowska,ul. Krótka 17,36-161,11,marcin.kwiatkowska@example.com,+48691060497,1987-01-15
103,Agnieszka,Zielińska,ul. Górna 29,11-622,16,agnieszka.zielińska@example.com,+48602663657,2002-08-19
104,Michał,Wiśniewski,ul. Malinowa 2,98-973,6,michał.wiśniewski@example.com,+48628687305,1963-06-12
105,Marcin,Piotrowski,ul. Akacjowa 30,05-732,15,marcin.piotrowski@example.com,+48673604120,1965-11-13
106,Magdalena,Dąbrowska,ul. Leśna 44,65-798,10,magdalena.dąbrowska@example.com,+48653320644,1983-10-10
107,Magdalena,Wiśniewski,ul. Długa 37,66-830,20,magdalena.wiśniewski@example.com,+48606130427,1967-05-31
108,Piotr,Piotrowski,ul. Leśna 34,32-811,5,piotr.piotrowski@example.com,+48619702272,1991-05-04
109,Patryk,Dąbrowska,ul. Wrzosowa 20,03-638,11,patryk.dąbrowska@example.com,+48614295236,1985-08-28
110,Joanna,Zawadzka,ul. Polna 11,32-120,5,joanna.zawadzka@example.com,+48604482048,1995-03-09
111,Elżbieta,Król,ul. Leśna 46,72-600,2,elżbieta.król@example.com,+48601068059,1972-01-09
112,Marcin,Adamski,ul. Kwiatowa 44,05-011,9,marcin.adamski@example.com,+48654945550,1970-04-15
113,Katarzyna,Kwiatkowska,ul. Ogrodowa 1,84-656,15,katarzyna.kwiatkowska@example.com,+48685084294,2002-12-26
114,Magdalena,Chmielewski,ul. Cicha 27,01-029,5,magdalena.chmielewski@example.com,+48621965774,1987-02-27
115,Elżbieta,Nowak,ul. Krótka 36,47-156,16,elżbieta.nowak@example.com,+48672650353,1987-03-18
116,Dariusz,Kwiatkowska,ul. Malinowa 10,67-727,16,dariusz.kwiatkowska@example.com,+48663861036,1961-08-22
117,Marcin,Adamski,ul. Akacjowa 21,66-342,9,marcin.adamski@example.com,+48697181936,1975-02-24
118,Patryk,Wiśniewski,ul. Jasna 5,78-380,4,patryk.wiśniewski@example.com,+48692396163,1976-02-12
119,Katarzyna,Nowicki,ul. Długa 8,33-966,16,katarzyna.nowicki@example.com,+48608841518,1978-01-21
120,Justyna,Nowak,ul. Spacerowa 45,62-788,20,justyna.nowak@example.com,+48615199110,1998-04-21
121,Piotr,Dąbrowska,ul. Jasna 14,57-567,3,piotr.dąbrowska@example.com,+48600863700,1961-05-11
122,Elżbieta,Kowalski,ul. Lipowa 40,38-199,10,elżbieta.kowalski@example.com,+48649074142,1962-12-17
123,Robert,Kwiatkowska,ul. Lipowa 2,82-725,10,robert.kwiatkowska@example.com,+48642616047,1996-12-28
124,Justyna,Wiśniewska,ul. Jasna 37,72-984,15,justyna.wiśniewska@example.com,+48694380827,1976-07-19
125,Joanna,Król,ul. Lipowa 35,24-983,19,joanna.król@example.com,+48602405232,1980-10-17
126,Justyna,Jakubowski,ul. Cicha 14,82-851,14,justyna.jakubowski@example.com,+48661223156,1979-07-12
127,Robert,Wiśniewska,ul. Kwiatowa 23,49-725,12,robert.wiśniewska@example.com,+48655428493,1965-02-09
128,Robert,Wójcik,ul. Ogrodowa 48,85-590,6,robert.wójcik@example.com,+48645176892,2003-04-29
129,Patryk,Piotrowski,ul. Akacjowa 46,41-106,12,patryk.piotrowski@example.com,+48604223811,2000-05-17
130,Magdalena,Chmielewski,ul. Górna 15,40-147,13,magdalena.chmielewski@example.com,+48678049327,1973-06-16
131,Karolina,Chmielewski,ul. Słoneczna 27,48-442,12,karolina.chmielewski@example.com,+48605585923,1986-11-01
132,Jan,Król,ul. Długa 13,94-320,12,jan.król@example.com,+48643694078,1975-11-27
133,Joanna,Piotrowski,ul. Polna 41,61-942,1,joanna.piotrowski@example.com,+48664462283,1989-04-21
134,Dariusz,Kwiatkowska,ul. Górna 25,68-326,14,dariusz.kwiatkowska@example.com,+48652109958,1993-11-15
135,Agnieszka,Adamski,ul. Cicha 17,94-924,2,agnieszka.adamski@example.com,+48614030279,2001-06-03
136,Jan,Jakubowski,ul. Akacjowa 8,37-091,10,jan.jakubowski@example.com,+48694170163,1973-10-21
137,Dariusz,Wójcik,ul. Polna 25,20-241,11,dariusz.wójcik@example.com,+48669447001,1986-09-22
138,Magdalena,Wiśniewski,ul. Ogrodowa 19,28-992,12,magdalena.wiśniewski@example.com,+48612950779,1972-10-12
139,Paweł,Nowicki,ul. Akacjowa 13,97-863,20,paweł.nowicki@example.com,+48672887731,1968-11-10
140,Dariusz,Zawadzka,ul. Górna 39,26-351,19,dariusz.zawadzka@example.com,+48602502055,1996-06-25
141,Katarzyna,Kwiatkowska,ul. Polna 25,51-248,4,katarzyna.kwiatkowska@example.com,+48685222774,2002-04-07
142,Piotr,Zielińska,ul. Ogrodowa 33,57-499,6,piotr.zielińska@example.com,+48610690834,1971-11-29
143,Robert,Dąbrowska,ul. Spacerowa 28,31-173,19,robert.dąbrowska@example.com,+48633071106,1976-12-31
144,Patryk,Kwiatkowska,ul. Górna 30,69-025,1,patryk.kwiatkowska@example.com,+48677613525,1982-08-15
145,Justyna,Nowicki,ul. Akacjowa 32,30-171,17,justyna.nowicki@example.com,+48639632053,1992-08-27
146,Marcin,Wójcik,ul. Malinowa 49,46-189,16,marcin.wójcik@example.com,+48674586071,1971-02-10
147,Joanna,Kowalski,ul. Wrzosowa 9,41-431,11,joanna.kowalski@example.com,+48678972737,2005-12-03
148,Karolina,Wiśniewski,ul. Górna 26,39-772,9,karolina.wiśniewski@example.com,+48671394265,1982-11-21
149,Paweł,Nowicki,ul. Spacerowa 50,22-909,9,paweł.nowicki@example.com,+48645598646,1960-02-27
150,Magdalena,Zielińska,ul. Górna 21,17-877,12,magdalena.zielińska@example.com,+48660255325,1998-08-10
151,Karolina,Chmielewski,ul. Lipowa 39,60-686,3,karolina.chmielewski@example.com,+48688649707,1963-11-21
152,Karolina,Grabowska,ul. Akacjowa 46,44-386,20,karolina.grabowska@example.com,+48627601823,1995-05-22
153,Michał,Kowalski,ul. Wrzosowa 33,99-838,3,michał.kowalski@example.com,+48648161509,1981-11-20
154,Jan,Chmielewski,ul. Krótka 6,65-741,8,jan.chmielewski@example.com,+48615397248,1981-04-01
155,Katarzyna,Kowalski,ul. Akacjowa 18,52-287,14,katarzyna.kowalski@example.com,+48642589878,1980-01-06
156,Jan,Zawadzka,ul. Malinowa 47,36-606,15,jan.zawadzka@example.com,+48693612582,2004-09-28
157,Anna,Jakubowski,ul. Leśna 35,76-660,8,anna.jakubowski@example.com,+48666212611,1986-01-19
158,Michał,Grabowska,ul. Cicha 22,98-040,10,michał.grabowska@example.com,+48624188713,1997-12-18
159,Anna,Piotrowski,ul. Lipowa 31,09-393,1,anna.piotrowski@example.com,+48689521285,1960-02-20
160,Katarzyna,Adamski,ul. Słoneczna 27,48-816,16,katarzyna.adamski@example.com,+48617697020,1984-12-18
161,Jan,Zawadzka,ul. Malinowa 34,71-962,6,jan.zawadzka@example.com,+48639211783,1995-04-27
162,Dariusz,Kwiatkowska,ul. Lipowa 4,12-309,10,dariusz.kwiatkowska@example.com,+48654744153,1987-12-27
163,Magdalena,Jakubowski,ul. Akacjowa 32,39-499,7,magdalena.jakubowski@example.com,+48689025244,1960-07-18
164,Magdalena,Adamski,ul. Jasna 44,94-386,14,magdalena.adamski@example.com,+48658258517,1981-03-12
165,Robert,Nowicki,ul. Wrzosowa 21,27-258,2,robert.nowicki@example.com,+48665400283,1978-09-13
166,Anna,Wójcik,ul. Kwiatowa 32,57-651,2,anna.wójcik@example.com,+48677935239,2005-03-16
167,Marcin,Grabowska,ul. Wrzosowa 5,74-750,16,marcin.grabowska@example.com,+48691805191,1970-02-17
168,Justyna,Dąbrowska,ul. Polna 49,14-189,9,justyna.dąbrowska@example.com,+48641420242,1967-01-13
169,Robert,Zawadzka,ul. Ogrodowa 36,28-566,12,robert.zawadzka@example.com,+48627877271,1991-06-14
170,Justyna,Wiśniewski,ul. Jasna 7,39-758,20,justyna.wiśniewski@example.com,+48617153729,1976-10-27
171,Elżbieta,Kowalski,ul. Krótka 21,34-637,18,elżbieta.kowalski@example.com,+48639002175,1981-01-10
172,Jan,Adamski,ul. Długa 48,98-814,12,jan.adamski@example.com,+48668019456,1976-06-30
173,Michał,Chmielewski,ul. Kwiatowa 18,75-482,5,michał.chmielewski@example.com,+48639809926,1980-09-17
174,Karolina,Nowicki,ul. Polna 15,75-030,8,karolina.nowicki@example.com,+48670896494,1961-08-31
175,Dariusz,Nowicki,ul. Lipowa 3,89-849,10,dariusz.nowicki@example.com,+48613351602,1964-05-12
176,Justyna,Wiśniewski,ul. Krótka 21,07-672,6,justyna.wiśniewski@example.com,+48653141245,1994-07-18
177,Marcin,Chmielewski,ul. Wrzosowa 22,63-778,18,marcin.chmielewski@example.com,+48615337238,1976-07-08
178,Robert,Zielińska,ul. Długa 31,23-899,2,robert.zielińska@example.com,+48607882909,1965-08-23
179,Patryk,Zielińska,ul. Lipowa 33,22-492,6,patryk.zielińska@example.com,+48692955787,2005-12-26
180,Marcin,Jakubowski,ul. Długa 12,16-538,9,marcin.jakubowski@example.com,+48681805329,1962-11-27
181,Paweł,Kowalski,ul. Słoneczna 14,14-124,12,paweł.kowalski@example.com,+48643326862,1961-06-05
182,Piotr,Wiśniewska,ul. Akacjowa 15,85-182,5,piotr.wiśniewska@example.com,+48610252933,1995-04-06
183,Paweł,Piotrowski,ul. Wrzosowa 17,63-496,17,paweł.piotrowski@example.com,+48658740225,1973-01-27
184,Anna,Wiśniewski,ul. Akacjowa 27,63-387,16,anna.wiśniewski@example.com,+48650989422,1964-06-09
185,Jan,Grabowska,ul. Akacjowa 24,92-672,14,jan.grabowska@example.com,+48659211989,1971-06-24
186,Joanna,Wójcik,ul. Ogrodowa 37,95-157,11,joanna.wójcik@example.com,+48665357393,1974-06-26
187,Patryk,Dąbrowska,ul. Polna 25,60-116,18,patryk.dąbrowska@example.com,+48621146583,1996-04-30
188,Joanna,Dąbrowska,ul. Cicha 1,08-379,2,joanna.dąbrowska@example.com,+48608192143,1992-11-18
189,Michał,Kowalski,ul. Krótka 36,95-484,2,michał.kowalski@example.com,+48674489895,1982-12-19
190,Joanna,Kowalski,ul. Górna 6,94-658,9,joanna.kowalski@example.com,+48695354529,1990-07-29
191,Piotr,Kowalski,ul. Wrzosowa 27,45-349,7,piotr.kowalski@example.com,+48641030702,1991-01-01
192,Michał,Wiśniewska,ul. Ogrodowa 19,09-728,6,michał.wiśniewska@example.com,+48629704483,1992-12-22
193,Justyna,Nowak,ul. Akacjowa 35,93-318,19,justyna.nowak@example.com,+48686278317,1964-01-08
194,Jan,Nowak,ul. Malinowa 7,52-512,5,jan.nowak@example.com,+48634249862,1998-06-18
195,Katarzyna,Wójcik,ul. Wrzosowa 49,29-268,6,katarzyna.wójcik@example.com,+48634606859,1964-12-25
196,Justyna,Król,ul. Górna 1,21-458,13,justyna.król@example.com,+48619031768,1985-12-08
197,Michał,Król,ul. Polna 26,50-992,20,michał.król@example.com,+48633954096,2005-09-25
198,Anna,Jakubowski,ul. Górna 48,61-574,19,anna.jakubowski@example.com,+48669664856,1965-05-10
199,Joanna,Nowicki,ul. Słoneczna 22,03-554,12,joanna.nowicki@example.com,+48694132193,1974-06-30
200,Agnieszka,Zielińska,ul. Długa 5,57-070,2,agnieszka.zielińska@example.com,+48681086919,1991-11-14
201,Robert,Jakubowski,ul. Leśna 48,54-554,17,robert.jakubowski@example.com,+48648116594,1972-10-24
202,Patryk,Jakubowski,ul. Cicha 23,38-230,1,patryk.jakubowski@example.com,+48605915510,1985-02-14
203,Patryk,Dąbrowska,ul. Polna 10,82-803,8,patryk.dąbrowska@example.com,+48687395015,1962-05-24
204,Justyna,Nowak,ul. Cicha 3,15-937,1,justyna.nowak@example.com,+48613702391,1982-02-09
205,Anna,Kwiatkowska,ul. Górna 37,76-459,19,anna.kwiatkowska@example.com,+48678701817,1988-02-02
206,Elżbieta,Wiśniewska,ul. Akacjowa 5,48-729,11,elżbieta.wiśniewska@example.com,+48635205822,1989-10-07
207,Marcin,Kowalski,ul. Leśna 16,58-933,19,marcin.kowalski@example.com,+48660512110,1965-06-27
208,Karolina,Zielińska,ul. Długa 25,68-120,14,karolina.zielińska@example.com,+48607627217,1988-02-27
209,Robert,Grabowska,ul. Lipowa 19,27-165,1,robert.grabowska@example.com,+48693999634,1970-05-28
210,Paweł,Nowicki,ul. Polna 11,27-559,14,paweł.nowicki@example.com,+48648897823,1980-04-29
211,Paweł,Chmielewski,ul. Spacerowa 9,73-705,13,paweł.chmielewski@example.com,+48654637669,1977-04-05
212,Elżbieta,Grabowska,ul. Krótka 24,59-164,15,elżbieta.grabowska@example.com,+48638935276,1971-10-28
213,Robert,Zielińska,ul. Ogrodowa 3,00-095,11,robert.zielińska@example.com,+48678276175,1980-02-26
214,Katarzyna,Dąbrowska,ul. Lipowa 41,74-120,12,katarzyna.dąbrowska@example.com,+48622590651,1983-05-20
215,Piotr,Zielińska,ul. Górna 30,89-330,10,piotr.zielińska@example.com,+48663680195,1975-06-29
216,Karolina,Grabowska,ul. Kwiatowa 15,08-376,17,karolina.grabowska@example.com,+48602167797,1976-10-15
217,Agnieszka,Kowalski,ul. Kwiatowa 37,69-723,18,agnieszka.kowalski@example.com,+48660757913,1989-08-06
218,Anna,Jakubowski,ul. Lipowa 32,00-501,8,anna.jakubowski@example.com,+48609840148,2002-06-02
219,Katarzyna,Piotrowski,ul. Górna 13,31-275,10,katarzyna.piotrowski@example.com,+48638116747,1964-06-25
220,Magdalena,Kwiatkowska,ul. Leśna 2,20-254,8,magdalena.kwiatkowska@example.com,+48668197552,1964-11-29
221,Justyna,Grabowska,ul. Spacerowa 26,12-162,9,justyna.grabowska@example.com,+48688254150,1972-03-13
222,Paweł,Król,ul. Ogrodowa 42,20-729,11,paweł.król@example.com,+48638699576,1978-06-29
223,Agnieszka,Wiśniewska,ul. Akacjowa 19,77-866,5,agnieszka.wiśniewska@example.com,+48664551260,1973-03-26
224,Justyna,Kwiatkowska,ul. Słoneczna 48,18-492,4,justyna.kwiatkowska@example.com,+48621700423,1976-08-17
225,Karolina,Adamski,ul. Ogrodowa 33,56-548,3,karolina.adamski@example.com,+48613248199,1998-05-18
226,Patryk,Jakubowski,ul. Jasna 34,21-885,16,patryk.jakubowski@example.com,+48670516819,1963-09-20
227,Anna,Nowicki,ul. Wrzosowa 11,94-014,1,anna.nowicki@example.com,+48641265298,1995-05-08
228,Marcin,Chmielewski,ul. Ogrodowa 29,07-940,5,marcin.chmielewski@example.com,+48695511437,1972-09-22
229,Marcin,Kowalski,ul. Ogrodowa 15,45-229,10,marcin.kowalski@example.com,+48657409601,1983-02-11
230,Piotr,Wiśniewski,ul. Długa 34,34-618,11,piotr.wiśniewski@example.com,+48629939419,1999-05-24
231,Elżbieta,Zawadzka,ul. Leśna 45,44-267,7,elżbieta.zawadzka@example.com,+48619217218,1995-11-01
232,Anna,Zawadzka,ul. Jasna 9,01-070,17,anna.zawadzka@example.com,+48670058773,1991-08-02
233,Agnieszka,Kowalski,ul. Kwiatowa 29,46-068,2,agnieszka.kowalski@example.com,+48655158836,1977-06-09
234,Piotr,Zielińska,ul. Lipowa 42,35-861,11,piotr.zielińska@example.com,+48614341940,1998-04-19
235,Dariusz,Wójcik,ul. Kwiatowa 12,45-156,8,dariusz.wójcik@example.com,+48607409979,1979-10-28
236,Jan,Jakubowski,ul. Długa 34,36-613,6,jan.jakubowski@example.com,+48653530219,1970-11-17
237,Karolina,Piotrowski,ul. Ogrodowa 39,45-849,11,karolina.piotrowski@example.com,+48658150087,1978-08-06
238,Piotr,Wiśniewski,ul. Ogrodowa 39,95-271,13,piotr.wiśniewski@example.com,+48684188711,1980-07-06
239,Justyna,Nowicki,ul. Jasna 35,71-006,16,justyna.nowicki@example.com,+48637098415,2002-11-25
240,Dariusz,Piotrowski,ul. Ogrodowa 40,47-302,10,dariusz.piotrowski@example.com,+48669968112,1967-08-19
241,Anna,Zielińska,ul. Jasna 36,26-971,2,anna.zielińska@example.com,+48673303660,1991-05-21
242,Piotr,Dąbrowska,ul. Ogrodowa 3,83-579,1,piotr.dąbrowska@example.com,+48641297340,2002-09-23
243,Piotr,Kwiatkowska,ul. Cicha 34,76-286,2,piotr.kwiatkowska@example.com,+48641172712,1988-10-27
244,Justyna,Wiśniewski,ul. Górna 27,99-488,18,justyna.wiśniewski@example.com,+48667917721,1987-02-10
245,Elżbieta,Nowak,ul. Spacerowa 10,04-669,10,elżbieta.nowak@example.com,+48674273730,2005-06-05
246,Patryk,Wójcik,ul. Długa 29,79-855,14,patryk.wójcik@example.com,+48665931712,1988-11-21
247,Joanna,Kwiatkowska,ul. Górna 29,91-312,2,joanna.kwiatkowska@example.com,+48639856921,1979-03-30
248,Jan,Nowicki,ul. Akacjowa 46,26-169,19,jan.nowicki@example.com,+48698199847,1993-11-21
249,Justyna,Król,ul. Długa 38,14-068,8,justyna.król@example.com,+48695067893,1966-12-26
250,Justyna,Wiśniewska,ul. Wrzosowa 42,25-082,11,justyna.wiśniewska@example.com,+48622920948,1971-12-09
251,Marcin,Grabowska,ul. Ogrodowa 41,98-437,17,marcin.grabowska@example.com,+48635647516,1972-02-26
252,Joanna,Kowalski,ul. Polna 16,77-698,9,joanna.kowalski@example.com,+48648841975,1983-10-03
253,Agnieszka,Zielińska,ul. Leśna 32,84-886,6,agnieszka.zielińska@example.com,+48617694331,1972-04-08
254,Justyna,Adamski,ul. Długa 3,35-540,19,justyna.adamski@example.com,+48691166017,1968-11-06
255,Michał,Zielińska,ul. Długa 24,11-291,9,michał.zielińska@example.com,+48644786048,1973-07-21
256,Dariusz,Dąbrowska,ul. Ogrodowa 12,30-907,10,dariusz.dąbrowska@example.com,+48606716203,1966-10-27
257,Magdalena,Kowalski,ul. Długa 29,63-578,18,magdalena.kowalski@example.com,+48687486557,1973-09-22
258,Piotr,Kwiatkowska,ul. Jasna 18,47-041,15,piotr.kwiatkowska@example.com,+48616838941,1961-02-14
259,Jan,Adamski,ul. Ogrodowa 41,44-147,17,jan.adamski@example.com,+48653397801,1972-11-13
260,Jan,Zielińska,ul. Cicha 24,57-553,3,jan.zielińska@example.com,+48639850915,1972-06-12
261,Patryk,Adamski,ul. Słoneczna 11,33-131,13,patryk.adamski@example.com,+48641148918,1982-04-15
262,Robert,Kowalski,ul. Jasna 15,22-853,8,robert.kowalski@example.com,+48602589722,1977-08-15
263,Patryk,Wiśniewski,ul. Kwiatowa 32,28-728,18,patryk.wiśniewski@example.com,+48661372699,1991-09-26
264,Anna,Wójcik,ul. Wrzosowa 30,88-424,6,anna.wójcik@example.com,+48640234508,1989-02-18
265,Robert,Kwiatkowska,ul. Górna 24,43-346,8,robert.kwiatkowska@example.com,+48665252527,1967-08-30
266,Patryk,Wiśniewski,ul. Wrzosowa 39,84-959,19,patryk.wiśniewski@example.com,+48623499942,1991-06-22
267,Karolina,Nowicki,ul. Ogrodowa 15,59-390,17,karolina.nowicki@example.com,+48671200129,1990-05-13
268,Robert,Grabowska,ul. Akacjowa 10,48-080,7,robert.grabowska@example.com,+48615711354,1996-09-12
269,Michał,Chmielewski,ul. Polna 25,10-995,2,michał.chmielewski@example.com,+48608970894,1987-03-30
270,Patryk,Król,ul. Akacjowa 7,66-235,8,patryk.król@example.com,+48615546961,1969-09-11
271,Katarzyna,Grabowska,ul. Akacjowa 25,70-566,12,katarzyna.grabowska@example.com,+48608652080,1989-10-18
272,Paweł,Dąbrowska,ul. Słoneczna 9,82-624,18,paweł.dąbrowska@example.com,+48613360224,1960-02-06
273,Patryk,Wójcik,ul. Lipowa 32,07-102,15,patryk.wójcik@example.com,+48671217788,1963-06-27
274,Robert,Nowicki,ul. Malinowa 18,57-894,3,robert.nowicki@example.com,+48663499961,1988-03-18
275,Marcin,Wiśniewska,ul. Malinowa 8,55-615,4,marcin.wiśniewska@example.com,+48682923014,1976-11-27
276,Agnieszka,Piotrowski,ul. Górna 37,32-250,8,agnieszka.piotrowski@example.com,+48675996603,1986-03-24
277,Katarzyna,Zielińska,ul. Jasna 39,52-501,7,katarzyna.zielińska@example.com,+48646746153,1999-12-30
278,Paweł,Zielińska,ul. Ogrodowa 12,65-152,6,paweł.zielińska@example.com,+48671331482,1974-01-05
279,Robert,Dąbrowska,ul. Krótka 36,47-966,9,robert.dąbrowska@example.com,+48635082321,1986-10-03
280,Patryk,Zawadzka,ul. Wrzosowa 4,53-218,2,patryk.zawadzka@example.com,+48630528655,1978-09-13
281,Elżbieta,Adamski,ul. Polna 43,51-016,17,elżbieta.adamski@example.com,+48629173196,1996-07-27
282,Michał,Jakubowski,ul. Malinowa 33,47-723,17,michał.jakubowski@example.com,+48638119923,1976-02-08
283,Agnieszka,Dąbrowska,ul. Malinowa 24,73-576,7,agnieszka.dąbrowska@example.com,+48623924713,1960-06-05
284,Marcin,Chmielewski,ul. Polna 7,40-331,14,marcin.chmielewski@example.com,+48692848583,1987-12-04
285,Paweł,Jakubowski,ul. Górna 21,02-383,9,paweł.jakubowski@example.com,+48633886907,1983-08-05
286,Katarzyna,Wiśniewska,ul. Spacerowa 39,78-766,18,katarzyna.wiśniewska@example.com,+48697997709,1990-07-27
287,Paweł,Kwiatkowska,ul. Kwiatowa 21,05-928,18,paweł.kwiatkowska@example.com,+48653730978,1997-05-03
288,Elżbieta,Nowak,ul. Górna 23,37-934,17,elżbieta.nowak@example.com,+48694014792,1969-09-14
289,Anna,Król,ul. Krótka 32,93-802,19,anna.król@example.com,+48679048429,1997-12-17
290,Patryk,Zielińska,ul. Długa 47,05-870,9,patryk.zielińska@example.com,+48621367187,1971-12-31
291,Agnieszka,Zawadzka,ul. Górna 42,91-743,5,agnieszka.zawadzka@example.com,+48638419155,1968-04-03
292,Agnieszka,Kwiatkowska,ul. Kwiatowa 48,40-285,9,agnieszka.kwiatkowska@example.com,+48652869386,1987-10-09
293,Dariusz,Zawadzka,ul. Cicha 7,13-979,1,dariusz.zawadzka@example.com,+48654389425,1971-10-06
294,Paweł,Jakubowski,ul. Cicha 36,49-894,19,paweł.jakubowski@example.com,+48673648509,1971-09-01
295,Robert,Adamski,ul. Cicha 29,80-189,11,robert.adamski@example.com,+48675413227,1994-07-11
296,Patryk,Kwiatkowska,ul. Spacerowa 18,64-113,10,patryk.kwiatkowska@example.com,+48626434460,1999-04-20
297,Elżbieta,Jakubowski,ul. Akacjowa 10,62-825,5,elżbieta.jakubowski@example.com,+48654067512,1967-07-08
298,Michał,Chmielewski,ul. Wrzosowa 8,32-102,3,michał.chmielewski@example.com,+48662290560,2004-12-22
299,Karolina,Dąbrowska,ul. Akacjowa 1,47-375,8,karolina.dąbrowska@example.com,+48605041410,1969-04-23
300,Patryk,Adamski,ul. Cicha 10,27-161,20,patryk.adamski@example.com,+48696162202,1970-04-25
